scenario_id,week_start,plant_id,region_id,model_code,trim_code,color_code,allocated_qty,implied_lead_days
1,2025-07-07,AUS,CC,M3,PR,BK,82,5
1,2025-07-07,FRE,CC,M3,PR,BK,89,9
1,2025-07-07,SHA,CC,M3,PR,BK,56,23
1,2025-07-07,AUS,CC,M3,PR,BL,31,5
1,2025-07-07,FRE,CC,M3,PR,BL,36,9
1,2025-07-07,SHA,CC,M3,PR,BL,22,23
1,2025-07-07,BER,CC,M3,PR,BL,28,25
1,2025-07-07,AUS,CC,M3,PR,GY,43,5
1,2025-07-07,FRE,CC,M3,PR,GY,52,9
1,2025-07-07,SHA,CC,M3,PR,GY,45,23
1,2025-07-07,BER,CC,M3,PR,GY,23,25
1,2025-07-07,AUS,CC,M3,PR,WH,78,5
1,2025-07-07,FRE,CC,M3,PR,WH,78,9
1,2025-07-07,SHA,CC,M3,PR,WH,43,23
1,2025-07-07,AUS,CC,M3,ST,BK,152,5
1,2025-07-07,AUS,CC,M3,ST,BL,60,5
1,2025-07-07,FRE,CC,M3,ST,BL,59,9
1,2025-07-07,SHA,CC,M3,ST,BL,26,23
1,2025-07-07,AUS,CC,M3,ST,GY,107,5
1,2025-07-07,FRE,CC,M3,ST,GY,58,9
1,2025-07-07,AUS,CC,M3,ST,WH,152,5
1,2025-07-07,AUS,CC,MY,PR,BK,50,5
1,2025-07-07,FRE,CC,MY,PR,BK,68,9
1,2025-07-07,SHA,CC,MY,PR,BK,48,23
1,2025-07-07,BER,CC,MY,PR,BK,53,25
1,2025-07-07,AUS,CC,MY,PR,BL,15,5
1,2025-07-07,FRE,CC,MY,PR,BL,16,9
1,2025-07-07,SHA,CC,MY,PR,BL,15,23
1,2025-07-07,BER,CC,MY,PR,BL,20,25
1,2025-07-07,AUS,CC,MY,PR,GY,30,5
1,2025-07-07,FRE,CC,MY,PR,GY,25,9
1,2025-07-07,SHA,CC,MY,PR,GY,27,23
1,2025-07-07,BER,CC,MY,PR,GY,33,25
1,2025-07-07,AUS,CC,MY,PR,WH,51,5
1,2025-07-07,FRE,CC,MY,PR,WH,56,9
1,2025-07-07,SHA,CC,MY,PR,WH,35,23
1,2025-07-07,BER,CC,MY,PR,WH,56,25
1,2025-07-07,AUS,CC,MY,ST,BK,136,5
1,2025-07-07,FRE,CC,MY,ST,BK,65,9
1,2025-07-07,AUS,CC,MY,ST,BL,42,5
1,2025-07-07,FRE,CC,MY,ST,BL,44,9
1,2025-07-07,SHA,CC,MY,ST,BL,30,23
1,2025-07-07,BER,CC,MY,ST,BL,33,25
1,2025-07-07,AUS,CC,MY,ST,GY,88,5
1,2025-07-07,FRE,CC,MY,ST,GY,57,9
1,2025-07-07,SHA,CC,MY,ST,GY,35,23
1,2025-07-07,AUS,CC,MY,ST,WH,130,5
1,2025-07-07,FRE,CC,MY,ST,WH,104,9
1,2025-07-07,SHA,EC,M3,PR,BK,55,24
1,2025-07-07,BER,EC,M3,PR,BK,79,26
1,2025-07-07,BER,EC,M3,PR,GY,16,26
1,2025-07-07,SHA,EC,M3,PR,WH,25,24
1,2025-07-07,BER,EC,M3,PR,WH,73,26
1,2025-07-07,AUS,EC,M3,ST,BK,19,10
1,2025-07-07,FRE,EC,M3,ST,BK,201,12
1,2025-07-07,SHA,EC,M3,ST,BK,11,24
1,2025-07-07,SHA,EC,M3,ST,BL,23,24
1,2025-07-07,BER,EC,M3,ST,BL,53,26
1,2025-07-07,FRE,EC,M3,ST,GY,69,12
1,2025-07-07,SHA,EC,M3,ST,GY,102,24
1,2025-07-07,BER,EC,M3,ST,GY,74,26
1,2025-07-07,AUS,EC,M3,ST,WH,48,10
1,2025-07-07,FRE,EC,M3,ST,WH,156,12
1,2025-07-07,FRE,EC,MY,ST,BK,61,12
1,2025-07-07,SHA,EC,MY,ST,BK,133,24
1,2025-07-07,BER,EC,MY,ST,BK,69,26
1,2025-07-07,SHA,EC,MY,ST,GY,45,24
1,2025-07-07,BER,EC,MY,ST,GY,80,26
1,2025-07-07,FRE,EC,MY,ST,WH,48,12
1,2025-07-07,SHA,EC,MY,ST,WH,119,24
1,2025-07-07,BER,EC,MY,ST,WH,119,26
1,2025-07-07,SHA,WC,M3,ST,BK,129,22
1,2025-07-07,BER,WC,M3,ST,GY,24,24
1,2025-07-07,FRE,WC,M3,ST,WH,49,4
1,2025-07-07,SHA,WC,M3,ST,WH,96,22
1,2025-07-07,BER,WC,MY,ST,BK,48,24
1,2025-07-14,AUS,CC,M3,PR,BK,82,5
1,2025-07-14,FRE,CC,M3,PR,BK,78,9
1,2025-07-14,SHA,CC,M3,PR,BK,70,23
1,2025-07-14,AUS,CC,M3,PR,BL,26,5
1,2025-07-14,FRE,CC,M3,PR,BL,30,9
1,2025-07-14,SHA,CC,M3,PR,BL,24,23
1,2025-07-14,BER,CC,M3,PR,BL,16,25
1,2025-07-14,AUS,CC,M3,PR,GY,49,5
1,2025-07-14,FRE,CC,M3,PR,GY,54,9
1,2025-07-14,SHA,CC,M3,PR,GY,48,23
1,2025-07-14,BER,CC,M3,PR,GY,47,25
1,2025-07-14,AUS,CC,M3,PR,WH,91,5
1,2025-07-14,FRE,CC,M3,PR,WH,85,9
1,2025-07-14,SHA,CC,M3,PR,WH,22,23
1,2025-07-14,AUS,CC,M3,ST,BK,168,5
1,2025-07-14,FRE,CC,M3,ST,BK,19,9
1,2025-07-14,AUS,CC,M3,ST,BL,44,5
1,2025-07-14,FRE,CC,M3,ST,BL,61,9
1,2025-07-14,SHA,CC,M3,ST,BL,50,23
1,2025-07-14,AUS,CC,M3,ST,GY,103,5
1,2025-07-14,FRE,CC,M3,ST,GY,74,9
1,2025-07-14,AUS,CC,M3,ST,WH,145,5
1,2025-07-14,AUS,CC,MY,PR,BK,59,5
1,2025-07-14,FRE,CC,MY,PR,BK,67,9
1,2025-07-14,SHA,CC,MY,PR,BK,48,23
1,2025-07-14,BER,CC,MY,PR,BK,41,25
1,2025-07-14,AUS,CC,MY,PR,BL,16,5
1,2025-07-14,FRE,CC,MY,PR,BL,16,9
1,2025-07-14,SHA,CC,MY,PR,BL,15,23
1,2025-07-14,BER,CC,MY,PR,BL,13,25
1,2025-07-14,AUS,CC,MY,PR,GY,25,5
1,2025-07-14,FRE,CC,MY,PR,GY,27,9
1,2025-07-14,SHA,CC,MY,PR,GY,22,23
1,2025-07-14,BER,CC,MY,PR,GY,25,25
1,2025-07-14,AUS,CC,MY,PR,WH,62,5
1,2025-07-14,FRE,CC,MY,PR,WH,48,9
1,2025-07-14,SHA,CC,MY,PR,WH,44,23
1,2025-07-14,BER,CC,MY,PR,WH,44,25
1,2025-07-14,AUS,CC,MY,ST,BK,131,5
1,2025-07-14,FRE,CC,MY,ST,BK,64,9
1,2025-07-14,AUS,CC,MY,ST,BL,32,5
1,2025-07-14,FRE,CC,MY,ST,BL,36,9
1,2025-07-14,SHA,CC,MY,ST,BL,34,23
1,2025-07-14,BER,CC,MY,ST,BL,32,25
1,2025-07-14,AUS,CC,MY,ST,GY,75,5
1,2025-07-14,FRE,CC,MY,ST,GY,80,9
1,2025-07-14,SHA,CC,MY,ST,GY,49,23
1,2025-07-14,AUS,CC,MY,ST,WH,121,5
1,2025-07-14,FRE,CC,MY,ST,WH,89,9
1,2025-07-14,SHA,EC,M3,PR,BK,4,24
1,2025-07-14,BER,EC,M3,PR,BK,65,26
1,2025-07-14,SHA,EC,M3,PR,WH,52,24
1,2025-07-14,BER,EC,M3,PR,WH,73,26
1,2025-07-14,FRE,EC,M3,ST,BK,204,12
1,2025-07-14,SHA,EC,M3,ST,BK,23,24
1,2025-07-14,SHA,EC,M3,ST,BL,1,24
1,2025-07-14,BER,EC,M3,ST,BL,45,26
1,2025-07-14,FRE,EC,M3,ST,GY,38,12
1,2025-07-14,SHA,EC,M3,ST,GY,107,24
1,2025-07-14,BER,EC,M3,ST,GY,100,26
1,2025-07-14,AUS,EC,M3,ST,WH,29,10
1,2025-07-14,FRE,EC,M3,ST,WH,219,12
1,2025-07-14,BER,EC,MY,PR,BK,10,26
1,2025-07-14,FRE,EC,MY,ST,BK,42,12
1,2025-07-14,SHA,EC,MY,ST,BK,131,24
1,2025-07-14,BER,EC,MY,ST,BK,130,26
1,2025-07-14,SHA,EC,MY,ST,GY,12,24
1,2025-07-14,BER,EC,MY,ST,GY,68,26
1,2025-07-14,FRE,EC,MY,ST,WH,21,12
1,2025-07-14,SHA,EC,MY,ST,WH,104,24
1,2025-07-14,BER,EC,MY,ST,WH,125,26
1,2025-07-14,SHA,WC,M3,ST,BK,145,22
1,2025-07-14,BER,WC,M3,ST,BK,1,24
1,2025-07-14,FRE,WC,M3,ST,WH,1,4
1,2025-07-14,SHA,WC,M3,ST,WH,127,22
1,2025-07-21,AUS,CC,M3,PR,BK,77,5
1,2025-07-21,FRE,CC,M3,PR,BK,86,9
1,2025-07-21,SHA,CC,M3,PR,BK,55,23
1,2025-07-21,AUS,CC,M3,PR,BL,28,5
1,2025-07-21,FRE,CC,M3,PR,BL,25,9
1,2025-07-21,SHA,CC,M3,PR,BL,22,23
1,2025-07-21,BER,CC,M3,PR,BL,30,25
1,2025-07-21,AUS,CC,M3,PR,GY,41,5
1,2025-07-21,FRE,CC,M3,PR,GY,40,9
1,2025-07-21,SHA,CC,M3,PR,GY,41,23
1,2025-07-21,BER,CC,M3,PR,GY,22,25
1,2025-07-21,AUS,CC,M3,PR,WH,82,5
1,2025-07-21,FRE,CC,M3,PR,WH,89,9
1,2025-07-21,SHA,CC,M3,PR,WH,20,23
1,2025-07-21,AUS,CC,M3,ST,BK,176,5
1,2025-07-21,AUS,CC,M3,ST,BL,68,5
1,2025-07-21,FRE,CC,M3,ST,BL,66,9
1,2025-07-21,SHA,CC,M3,ST,BL,52,23
1,2025-07-21,AUS,CC,M3,ST,GY,110,5
1,2025-07-21,FRE,CC,M3,ST,GY,28,9
1,2025-07-21,AUS,CC,M3,ST,WH,175,5
1,2025-07-21,AUS,CC,MY,PR,BK,39,5
1,2025-07-21,FRE,CC,MY,PR,BK,55,9
1,2025-07-21,SHA,CC,MY,PR,BK,57,23
1,2025-07-21,BER,CC,MY,PR,BK,65,25
1,2025-07-21,AUS,CC,MY,PR,BL,14,5
1,2025-07-21,FRE,CC,MY,PR,BL,19,9
1,2025-07-21,SHA,CC,MY,PR,BL,14,23
1,2025-07-21,BER,CC,MY,PR,BL,11,25
1,2025-07-21,AUS,CC,MY,PR,GY,26,5
1,2025-07-21,FRE,CC,MY,PR,GY,28,9
1,2025-07-21,SHA,CC,MY,PR,GY,23,23
1,2025-07-21,BER,CC,MY,PR,GY,28,25
1,2025-07-21,AUS,CC,MY,PR,WH,57,5
1,2025-07-21,FRE,CC,MY,PR,WH,51,9
1,2025-07-21,SHA,CC,MY,PR,WH,62,23
1,2025-07-21,BER,CC,MY,PR,WH,47,25
1,2025-07-21,AUS,CC,MY,ST,BK,135,5
1,2025-07-21,FRE,CC,MY,ST,BK,68,9
1,2025-07-21,AUS,CC,MY,ST,BL,40,5
1,2025-07-21,FRE,CC,MY,ST,BL,36,9
1,2025-07-21,SHA,CC,MY,ST,BL,32,23
1,2025-07-21,BER,CC,MY,ST,BL,38,25
1,2025-07-21,AUS,CC,MY,ST,GY,73,5
1,2025-07-21,FRE,CC,MY,ST,GY,71,9
1,2025-07-21,SHA,CC,MY,ST,GY,43,23
1,2025-07-21,AUS,CC,MY,ST,WH,130,5
1,2025-07-21,FRE,CC,MY,ST,WH,34,9
1,2025-07-21,SHA,EC,M3,PR,BK,24,24
1,2025-07-21,BER,EC,M3,PR,BK,72,26
1,2025-07-21,BER,EC,M3,PR,GY,19,26
1,2025-07-21,SHA,EC,M3,PR,WH,64,24
1,2025-07-21,BER,EC,M3,PR,WH,82,26
1,2025-07-21,AUS,EC,M3,ST,BK,12,10
1,2025-07-21,FRE,EC,M3,ST,BK,197,12
1,2025-07-21,SHA,EC,M3,ST,BK,64,24
1,2025-07-21,SHA,EC,M3,ST,BL,25,24
1,2025-07-21,BER,EC,M3,ST,BL,48,26
1,2025-07-21,FRE,EC,M3,ST,GY,80,12
1,2025-07-21,SHA,EC,M3,ST,GY,120,24
1,2025-07-21,BER,EC,M3,ST,GY,55,26
1,2025-07-21,FRE,EC,M3,ST,WH,207,12
1,2025-07-21,SHA,EC,M3,ST,WH,16,24
1,2025-07-21,FRE,EC,MY,ST,BK,52,12
1,2025-07-21,SHA,EC,MY,ST,BK,128,24
1,2025-07-21,BER,EC,MY,ST,BK,129,26
1,2025-07-21,SHA,EC,MY,ST,GY,46,24
1,2025-07-21,BER,EC,MY,ST,GY,72,26
1,2025-07-21,FRE,EC,MY,ST,WH,110,12
1,2025-07-21,SHA,EC,MY,ST,WH,127,24
1,2025-07-21,SHA,WC,M3,ST,BK,128,22
1,2025-07-21,BER,WC,M3,ST,BK,5,24
1,2025-07-21,BER,WC,M3,ST,GY,53,24
1,2025-07-21,SHA,WC,M3,ST,WH,145,22
1,2025-07-21,SHA,WC,MY,ST,WH,10,22
1,2025-07-21,BER,WC,MY,ST,WH,115,24
1,2025-07-28,AUS,CC,M3,PR,BK,82,5
1,2025-07-28,FRE,CC,M3,PR,BK,72,9
1,2025-07-28,SHA,CC,M3,PR,BK,29,23
1,2025-07-28,AUS,CC,M3,PR,BL,22,5
1,2025-07-28,FRE,CC,M3,PR,BL,21,9
1,2025-07-28,SHA,CC,M3,PR,BL,20,23
1,2025-07-28,BER,CC,M3,PR,BL,16,25
1,2025-07-28,AUS,CC,M3,PR,GY,45,5
1,2025-07-28,FRE,CC,M3,PR,GY,37,9
1,2025-07-28,SHA,CC,M3,PR,GY,42,23
1,2025-07-28,BER,CC,M3,PR,GY,37,25
1,2025-07-28,AUS,CC,M3,PR,WH,103,5
1,2025-07-28,FRE,CC,M3,PR,WH,77,9
1,2025-07-28,SHA,CC,M3,PR,WH,12,23
1,2025-07-28,AUS,CC,M3,ST,BK,167,5
1,2025-07-28,AUS,CC,M3,ST,BL,52,5
1,2025-07-28,FRE,CC,M3,ST,BL,39,9
1,2025-07-28,SHA,CC,M3,ST,BL,40,23
1,2025-07-28,AUS,CC,M3,ST,GY,145,5
1,2025-07-28,FRE,CC,M3,ST,GY,20,9
1,2025-07-28,AUS,CC,M3,ST,WH,168,5
1,2025-07-28,AUS,CC,MY,PR,BK,54,5
1,2025-07-28,FRE,CC,MY,PR,BK,59,9
1,2025-07-28,SHA,CC,MY,PR,BK,57,23
1,2025-07-28,BER,CC,MY,PR,BK,11,25
1,2025-07-28,AUS,CC,MY,PR,BL,16,5
1,2025-07-28,FRE,CC,MY,PR,BL,10,9
1,2025-07-28,SHA,CC,MY,PR,BL,17,23
1,2025-07-28,BER,CC,MY,PR,BL,7,25
1,2025-07-28,AUS,CC,MY,PR,GY,29,5
1,2025-07-28,FRE,CC,MY,PR,GY,26,9
1,2025-07-28,SHA,CC,MY,PR,GY,31,23
1,2025-07-28,BER,CC,MY,PR,GY,22,25
1,2025-07-28,AUS,CC,MY,PR,WH,56,5
1,2025-07-28,FRE,CC,MY,PR,WH,68,9
1,2025-07-28,SHA,CC,MY,PR,WH,49,23
1,2025-07-28,BER,CC,MY,PR,WH,48,25
1,2025-07-28,AUS,CC,MY,ST,BK,153,5
1,2025-07-28,FRE,CC,MY,ST,BK,45,9
1,2025-07-28,AUS,CC,MY,ST,BL,54,5
1,2025-07-28,FRE,CC,MY,ST,BL,34,9
1,2025-07-28,SHA,CC,MY,ST,BL,33,23
1,2025-07-28,BER,CC,MY,ST,BL,40,25
1,2025-07-28,AUS,CC,MY,ST,GY,66,5
1,2025-07-28,FRE,CC,MY,ST,GY,62,9
1,2025-07-28,SHA,CC,MY,ST,GY,53,23
1,2025-07-28,BER,CC,MY,ST,GY,36,25
1,2025-07-28,AUS,CC,MY,ST,WH,115,5
1,2025-07-28,FRE,CC,MY,ST,WH,105,9
1,2025-07-28,SHA,EC,M3,PR,BK,63,24
1,2025-07-28,BER,EC,M3,PR,BK,65,26
1,2025-07-28,SHA,EC,M3,PR,WH,63,24
1,2025-07-28,BER,EC,M3,PR,WH,50,26
1,2025-07-28,AUS,EC,M3,ST,BK,31,10
1,2025-07-28,FRE,EC,M3,ST,BK,145,12
1,2025-07-28,SHA,EC,M3,ST,BK,16,24
1,2025-07-28,SHA,EC,M3,ST,BL,13,24
1,2025-07-28,BER,EC,M3,ST,BL,56,26
1,2025-07-28,FRE,EC,M3,ST,GY,86,12
1,2025-07-28,SHA,EC,M3,ST,GY,123,24
1,2025-07-28,AUS,EC,M3,ST,WH,41,10
1,2025-07-28,FRE,EC,M3,ST,WH,186,12
1,2025-07-28,SHA,EC,M3,ST,WH,46,24
1,2025-07-28,BER,EC,MY,PR,BK,28,26
1,2025-07-28,FRE,EC,MY,ST,BK,84,12
1,2025-07-28,SHA,EC,MY,ST,BK,112,24
1,2025-07-28,BER,EC,MY,ST,BK,104,26
1,2025-07-28,BER,EC,MY,ST,GY,18,26
1,2025-07-28,FRE,EC,MY,ST,WH,12,12
1,2025-07-28,SHA,EC,MY,ST,WH,126,24
1,2025-07-28,BER,EC,MY,ST,WH,105,26
1,2025-07-28,SHA,WC,M3,ST,BK,128,22
1,2025-07-28,SHA,WC,M3,ST,GY,3,22
1,2025-07-28,BER,WC,M3,ST,GY,105,24
1,2025-07-28,SHA,WC,M3,ST,WH,125,22
1,2025-08-04,AUS,CC,M3,PR,BK,73,5
1,2025-08-04,FRE,CC,M3,PR,BK,81,9
1,2025-08-04,SHA,CC,M3,PR,BK,12,23
1,2025-08-04,AUS,CC,M3,PR,BL,23,5
1,2025-08-04,FRE,CC,M3,PR,BL,21,9
1,2025-08-04,SHA,CC,M3,PR,BL,20,23
1,2025-08-04,BER,CC,M3,PR,BL,15,25
1,2025-08-04,AUS,CC,M3,PR,GY,38,5
1,2025-08-04,FRE,CC,M3,PR,GY,55,9
1,2025-08-04,SHA,CC,M3,PR,GY,41,23
1,2025-08-04,BER,CC,M3,PR,GY,43,25
1,2025-08-04,AUS,CC,M3,PR,WH,70,5
1,2025-08-04,FRE,CC,M3,PR,WH,92,9
1,2025-08-04,SHA,CC,M3,PR,WH,25,23
1,2025-08-04,AUS,CC,M3,ST,BK,149,5
1,2025-08-04,AUS,CC,M3,ST,BL,49,5
1,2025-08-04,FRE,CC,M3,ST,BL,50,9
1,2025-08-04,SHA,CC,M3,ST,BL,55,23
1,2025-08-04,BER,CC,M3,ST,BL,26,25
1,2025-08-04,AUS,CC,M3,ST,GY,93,5
1,2025-08-04,FRE,CC,M3,ST,GY,100,9
1,2025-08-04,AUS,CC,M3,ST,WH,142,5
1,2025-08-04,AUS,CC,MY,PR,BK,35,5
1,2025-08-04,FRE,CC,MY,PR,BK,41,9
1,2025-08-04,SHA,CC,MY,PR,BK,54,23
1,2025-08-04,BER,CC,MY,PR,BK,44,25
1,2025-08-04,AUS,CC,MY,PR,BL,16,5
1,2025-08-04,FRE,CC,MY,PR,BL,13,9
1,2025-08-04,SHA,CC,MY,PR,BL,13,23
1,2025-08-04,BER,CC,MY,PR,BL,17,25
1,2025-08-04,AUS,CC,MY,PR,GY,36,5
1,2025-08-04,FRE,CC,MY,PR,GY,24,9
1,2025-08-04,SHA,CC,MY,PR,GY,27,23
1,2025-08-04,BER,CC,MY,PR,GY,31,25
1,2025-08-04,AUS,CC,MY,PR,WH,55,5
1,2025-08-04,FRE,CC,MY,PR,WH,50,9
1,2025-08-04,SHA,CC,MY,PR,WH,46,23
1,2025-08-04,BER,CC,MY,PR,WH,64,25
1,2025-08-04,AUS,CC,MY,ST,BK,130,5
1,2025-08-04,FRE,CC,MY,ST,BK,73,9
1,2025-08-04,AUS,CC,MY,ST,BL,31,5
1,2025-08-04,FRE,CC,MY,ST,BL,46,9
1,2025-08-04,SHA,CC,MY,ST,BL,32,23
1,2025-08-04,BER,CC,MY,ST,BL,28,25
1,2025-08-04,AUS,CC,MY,ST,GY,84,5
1,2025-08-04,FRE,CC,MY,ST,GY,76,9
1,2025-08-04,SHA,CC,MY,ST,GY,9,23
1,2025-08-04,AUS,CC,MY,ST,WH,109,5
1,2025-08-04,FRE,CC,MY,ST,WH,76,9
1,2025-08-04,SHA,EC,M3,PR,BK,69,24
1,2025-08-04,BER,EC,M3,PR,BK,84,26
1,2025-08-04,BER,EC,M3,PR,GY,4,26
1,2025-08-04,SHA,EC,M3,PR,WH,56,24
1,2025-08-04,BER,EC,M3,PR,WH,58,26
1,2025-08-04,AUS,EC,M3,ST,BK,29,10
1,2025-08-04,FRE,EC,M3,ST,BK,180,12
1,2025-08-04,BER,EC,M3,ST,BL,19,26
1,2025-08-04,FRE,EC,M3,ST,GY,3,12
1,2025-08-04,SHA,EC,M3,ST,GY,99,24
1,2025-08-04,BER,EC,M3,ST,GY,99,26
1,2025-08-04,AUS,EC,M3,ST,WH,25,10
1,2025-08-04,FRE,EC,M3,ST,WH,174,12
1,2025-08-04,SHA,EC,M3,ST,WH,23,24
1,2025-08-04,BER,EC,MY,PR,BK,1,26
1,2025-08-04,FRE,EC,MY,ST,BK,55,12
1,2025-08-04,SHA,EC,MY,ST,BK,122,24
1,2025-08-04,BER,EC,MY,ST,BK,94,26
1,2025-08-04,SHA,EC,MY,ST,GY,54,24
1,2025-08-04,BER,EC,MY,ST,GY,72,26
1,2025-08-04,FRE,EC,MY,ST,WH,66,12
1,2025-08-04,SHA,EC,MY,ST,WH,125,24
1,2025-08-04,BER,EC,MY,ST,WH,97,26
1,2025-08-04,FRE,WC,M3,ST,BK,2,4
1,2025-08-04,SHA,WC,M3,ST,BK,146,22
1,2025-08-04,SHA,WC,M3,ST,WH,133,22
1,2025-08-04,BER,WC,MY,ST,BK,36,24
1,2025-08-04,BER,WC,MY,ST,WH,37,24
1,2025-08-11,AUS,CC,M3,PR,BK,71,5
1,2025-08-11,FRE,CC,M3,PR,BK,77,9
1,2025-08-11,SHA,CC,M3,PR,BK,71,23
1,2025-08-11,BER,CC,M3,PR,BK,14,25
1,2025-08-11,AUS,CC,M3,PR,BL,20,5
1,2025-08-11,FRE,CC,M3,PR,BL,20,9
1,2025-08-11,SHA,CC,M3,PR,BL,16,23
1,2025-08-11,BER,CC,M3,PR,BL,16,25
1,2025-08-11,AUS,CC,M3,PR,GY,36,5
1,2025-08-11,FRE,CC,M3,PR,GY,32,9
1,2025-08-11,SHA,CC,M3,PR,GY,61,23
1,2025-08-11,BER,CC,M3,PR,GY,50,25
1,2025-08-11,AUS,CC,M3,PR,WH,89,5
1,2025-08-11,FRE,CC,M3,PR,WH,77,9
1,2025-08-11,AUS,CC,M3,ST,BK,138,5
1,2025-08-11,AUS,CC,M3,ST,BL,46,5
1,2025-08-11,FRE,CC,M3,ST,BL,43,9
1,2025-08-11,SHA,CC,M3,ST,BL,55,23
1,2025-08-11,BER,CC,M3,ST,BL,10,25
1,2025-08-11,AUS,CC,M3,ST,GY,95,5
1,2025-08-11,FRE,CC,M3,ST,GY,69,9
1,2025-08-11,AUS,CC,M3,ST,WH,159,5
1,2025-08-11,AUS,CC,MY,PR,BK,47,5
1,2025-08-11,FRE,CC,MY,PR,BK,44,9
1,2025-08-11,SHA,CC,MY,PR,BK,52,23
1,2025-08-11,BER,CC,MY,PR,BK,48,25
1,2025-08-11,AUS,CC,MY,PR,BL,16,5
1,2025-08-11,FRE,CC,MY,PR,BL,6,9
1,2025-08-11,SHA,CC,MY,PR,BL,19,23
1,2025-08-11,BER,CC,MY,PR,BL,16,25
1,2025-08-11,AUS,CC,MY,PR,GY,25,5
1,2025-08-11,FRE,CC,MY,PR,GY,28,9
1,2025-08-11,SHA,CC,MY,PR,GY,33,23
1,2025-08-11,BER,CC,MY,PR,GY,24,25
1,2025-08-11,AUS,CC,MY,PR,WH,53,5
1,2025-08-11,FRE,CC,MY,PR,WH,57,9
1,2025-08-11,SHA,CC,MY,PR,WH,61,23
1,2025-08-11,BER,CC,MY,PR,WH,40,25
1,2025-08-11,AUS,CC,MY,ST,BK,117,5
1,2025-08-11,FRE,CC,MY,ST,BK,83,9
1,2025-08-11,AUS,CC,MY,ST,BL,29,5
1,2025-08-11,FRE,CC,MY,ST,BL,27,9
1,2025-08-11,SHA,CC,MY,ST,BL,28,23
1,2025-08-11,BER,CC,MY,ST,BL,32,25
1,2025-08-11,AUS,CC,MY,ST,GY,62,5
1,2025-08-11,FRE,CC,MY,ST,GY,75,9
1,2025-08-11,SHA,CC,MY,ST,GY,75,23
1,2025-08-11,BER,CC,MY,ST,GY,19,25
1,2025-08-11,AUS,CC,MY,ST,WH,110,5
1,2025-08-11,FRE,CC,MY,ST,WH,123,9
1,2025-08-11,BER,EC,M3,PR,BK,70,26
1,2025-08-11,FRE,EC,M3,PR,WH,8,12
1,2025-08-11,SHA,EC,M3,PR,WH,84,24
1,2025-08-11,BER,EC,M3,PR,WH,80,26
1,2025-08-11,AUS,EC,M3,ST,BK,17,10
1,2025-08-11,FRE,EC,M3,ST,BK,181,12
1,2025-08-11,SHA,EC,M3,ST,BK,105,24
1,2025-08-11,BER,EC,M3,ST,BL,39,26
1,2025-08-11,FRE,EC,M3,ST,GY,46,12
1,2025-08-11,SHA,EC,M3,ST,GY,86,24
1,2025-08-11,BER,EC,M3,ST,GY,103,26
1,2025-08-11,AUS,EC,M3,ST,WH,16,10
1,2025-08-11,FRE,EC,M3,ST,WH,169,12
1,2025-08-11,SHA,EC,M3,ST,WH,59,24
1,2025-08-11,FRE,EC,MY,ST,BK,39,12
1,2025-08-11,SHA,EC,MY,ST,BK,115,24
1,2025-08-11,BER,EC,MY,ST,BK,93,26
1,2025-08-11,BER,EC,MY,ST,GY,54,26
1,2025-08-11,FRE,EC,MY,ST,WH,6,12
1,2025-08-11,SHA,EC,MY,ST,WH,134,24
1,2025-08-11,BER,EC,MY,ST,WH,110,26
1,2025-08-11,SHA,WC,M3,ST,BK,89,22
1,2025-08-11,BER,WC,M3,ST,BK,83,24
1,2025-08-11,SHA,WC,M3,ST,WH,132,22
1,2025-08-11,BER,WC,M3,ST,WH,12,24
1,2025-08-11,BER,WC,MY,ST,BK,33,24
1,2025-08-18,AUS,CC,M3,PR,BK,96,5
1,2025-08-18,FRE,CC,M3,PR,BK,70,9
1,2025-08-18,SHA,CC,M3,PR,BK,19,23
1,2025-08-18,AUS,CC,M3,PR,BL,30,5
1,2025-08-18,FRE,CC,M3,PR,BL,37,9
1,2025-08-18,SHA,CC,M3,PR,BL,23,23
1,2025-08-18,BER,CC,M3,PR,BL,20,25
1,2025-08-18,AUS,CC,M3,PR,GY,47,5
1,2025-08-18,FRE,CC,M3,PR,GY,53,9
1,2025-08-18,SHA,CC,M3,PR,GY,55,23
1,2025-08-18,BER,CC,M3,PR,GY,40,25
1,2025-08-18,AUS,CC,M3,PR,WH,78,5
1,2025-08-18,FRE,CC,M3,PR,WH,95,9
1,2025-08-18,SHA,CC,M3,PR,WH,1,23
1,2025-08-18,AUS,CC,M3,ST,BK,165,5
1,2025-08-18,AUS,CC,M3,ST,BL,49,5
1,2025-08-18,FRE,CC,M3,ST,BL,61,9
1,2025-08-18,SHA,CC,M3,ST,BL,49,23
1,2025-08-18,AUS,CC,M3,ST,GY,107,5
1,2025-08-18,FRE,CC,M3,ST,GY,41,9
1,2025-08-18,AUS,CC,M3,ST,WH,147,5
1,2025-08-18,AUS,CC,MY,PR,BK,74,5
1,2025-08-18,FRE,CC,MY,PR,BK,46,9
1,2025-08-18,SHA,CC,MY,PR,BK,60,23
1,2025-08-18,BER,CC,MY,PR,BK,48,25
1,2025-08-18,AUS,CC,MY,PR,BL,24,5
1,2025-08-18,FRE,CC,MY,PR,BL,14,9
1,2025-08-18,SHA,CC,MY,PR,BL,17,23
1,2025-08-18,BER,CC,MY,PR,BL,17,25
1,2025-08-18,AUS,CC,MY,PR,GY,33,5
1,2025-08-18,FRE,CC,MY,PR,GY,32,9
1,2025-08-18,SHA,CC,MY,PR,GY,45,23
1,2025-08-18,BER,CC,MY,PR,GY,46,25
1,2025-08-18,AUS,CC,MY,PR,WH,65,5
1,2025-08-18,FRE,CC,MY,PR,WH,44,9
1,2025-08-18,SHA,CC,MY,PR,WH,68,23
1,2025-08-18,BER,CC,MY,PR,WH,49,25
1,2025-08-18,AUS,CC,MY,ST,BK,134,5
1,2025-08-18,FRE,CC,MY,ST,BK,42,9
1,2025-08-18,AUS,CC,MY,ST,BL,40,5
1,2025-08-18,FRE,CC,MY,ST,BL,38,9
1,2025-08-18,SHA,CC,MY,ST,BL,30,23
1,2025-08-18,BER,CC,MY,ST,BL,34,25
1,2025-08-18,AUS,CC,MY,ST,GY,79,5
1,2025-08-18,FRE,CC,MY,ST,GY,72,9
1,2025-08-18,SHA,CC,MY,ST,GY,21,23
1,2025-08-18,AUS,CC,MY,ST,WH,112,5
1,2025-08-18,FRE,CC,MY,ST,WH,77,9
1,2025-08-18,SHA,EC,M3,PR,BK,57,24
1,2025-08-18,BER,EC,M3,PR,BK,89,26
1,2025-08-18,BER,EC,M3,PR,GY,7,26
1,2025-08-18,SHA,EC,M3,PR,WH,91,24
1,2025-08-18,BER,EC,M3,PR,WH,84,26
1,2025-08-18,AUS,EC,M3,ST,BK,18,10
1,2025-08-18,FRE,EC,M3,ST,BK,168,12
1,2025-08-18,SHA,EC,M3,ST,BL,14,24
1,2025-08-18,BER,EC,M3,ST,BL,60,26
1,2025-08-18,FRE,EC,M3,ST,GY,57,12
1,2025-08-18,SHA,EC,M3,ST,GY,124,24
1,2025-08-18,BER,EC,M3,ST,GY,47,26
1,2025-08-18,AUS,EC,M3,ST,WH,46,10
1,2025-08-18,FRE,EC,M3,ST,WH,183,12
1,2025-08-18,SHA,EC,M3,ST,WH,33,24
1,2025-08-18,BER,EC,MY,PR,BK,14,26
1,2025-08-18,FRE,EC,MY,ST,BK,97,12
1,2025-08-18,SHA,EC,MY,ST,BK,128,24
1,2025-08-18,BER,EC,MY,ST,BK,63,26
1,2025-08-18,SHA,EC,MY,ST,GY,62,24
1,2025-08-18,BER,EC,MY,ST,GY,74,26
1,2025-08-18,FRE,EC,MY,ST,WH,47,12
1,2025-08-18,SHA,EC,MY,ST,WH,138,24
1,2025-08-18,BER,EC,MY,ST,WH,125,26
1,2025-08-18,FRE,WC,M3,ST,BK,19,4
1,2025-08-18,SHA,WC,M3,ST,BK,91,22
1,2025-08-18,BER,WC,M3,ST,GY,37,24
1,2025-08-18,SHA,WC,M3,ST,WH,131,22
1,2025-08-18,BER,WC,MY,ST,BK,84,24
1,2025-08-25,AUS,CC,M3,PR,BK,67,5
1,2025-08-25,FRE,CC,M3,PR,BK,59,9
1,2025-08-25,AUS,CC,M3,PR,BL,23,5
1,2025-08-25,FRE,CC,M3,PR,BL,20,9
1,2025-08-25,SHA,CC,M3,PR,BL,30,23
1,2025-08-25,BER,CC,M3,PR,BL,27,25
1,2025-08-25,AUS,CC,M3,PR,GY,45,5
1,2025-08-25,FRE,CC,M3,PR,GY,34,9
1,2025-08-25,SHA,CC,M3,PR,GY,42,23
1,2025-08-25,BER,CC,M3,PR,GY,36,25
1,2025-08-25,AUS,CC,M3,PR,WH,73,5
1,2025-08-25,FRE,CC,M3,PR,WH,68,9
1,2025-08-25,SHA,CC,M3,PR,WH,46,23
1,2025-08-25,AUS,CC,M3,ST,BK,165,5
1,2025-08-25,FRE,CC,M3,ST,BK,9,9
1,2025-08-25,AUS,CC,M3,ST,BL,49,5
1,2025-08-25,FRE,CC,M3,ST,BL,45,9
1,2025-08-25,SHA,CC,M3,ST,BL,56,23
1,2025-08-25,BER,CC,M3,ST,BL,9,25
1,2025-08-25,AUS,CC,M3,ST,GY,95,5
1,2025-08-25,FRE,CC,M3,ST,GY,91,9
1,2025-08-25,SHA,CC,M3,ST,GY,9,23
1,2025-08-25,AUS,CC,M3,ST,WH,169,5
1,2025-08-25,FRE,CC,M3,ST,WH,8,9
1,2025-08-25,AUS,CC,MY,PR,BK,67,5
1,2025-08-25,FRE,CC,MY,PR,BK,49,9
1,2025-08-25,SHA,CC,MY,PR,BK,38,23
1,2025-08-25,BER,CC,MY,PR,BK,53,25
1,2025-08-25,AUS,CC,MY,PR,BL,17,5
1,2025-08-25,FRE,CC,MY,PR,BL,18,9
1,2025-08-25,SHA,CC,MY,PR,BL,12,23
1,2025-08-25,BER,CC,MY,PR,BL,16,25
1,2025-08-25,AUS,CC,MY,PR,GY,29,5
1,2025-08-25,FRE,CC,MY,PR,GY,24,9
1,2025-08-25,SHA,CC,MY,PR,GY,30,23
1,2025-08-25,BER,CC,MY,PR,GY,27,25
1,2025-08-25,AUS,CC,MY,PR,WH,37,5
1,2025-08-25,FRE,CC,MY,PR,WH,50,9
1,2025-08-25,SHA,CC,MY,PR,WH,61,23
1,2025-08-25,BER,CC,MY,PR,WH,50,25
1,2025-08-25,AUS,CC,MY,ST,BK,105,5
1,2025-08-25,FRE,CC,MY,ST,BK,97,9
1,2025-08-25,AUS,CC,MY,ST,BL,34,5
1,2025-08-25,FRE,CC,MY,ST,BL,31,9
1,2025-08-25,SHA,CC,MY,ST,BL,38,23
1,2025-08-25,BER,CC,MY,ST,BL,20,25
1,2025-08-25,AUS,CC,MY,ST,GY,69,5
1,2025-08-25,FRE,CC,MY,ST,GY,72,9
1,2025-08-25,SHA,CC,MY,ST,GY,17,23
1,2025-08-25,AUS,CC,MY,ST,WH,112,5
1,2025-08-25,FRE,CC,MY,ST,WH,75,9
1,2025-08-25,FRE,EC,M3,PR,BK,4,12
1,2025-08-25,SHA,EC,M3,PR,BK,83,24
1,2025-08-25,BER,EC,M3,PR,BK,74,26
1,2025-08-25,SHA,EC,M3,PR,WH,26,24
1,2025-08-25,BER,EC,M3,PR,WH,65,26
1,2025-08-25,FRE,EC,M3,ST,BK,150,12
1,2025-08-25,SHA,EC,M3,ST,BK,79,24
1,2025-08-25,BER,EC,M3,ST,BL,32,26
1,2025-08-25,SHA,EC,M3,ST,GY,91,24
1,2025-08-25,BER,EC,M3,ST,GY,80,26
1,2025-08-25,FRE,EC,M3,ST,WH,144,12
1,2025-08-25,SHA,EC,M3,ST,WH,170,24
1,2025-08-25,FRE,EC,MY,ST,BK,21,12
1,2025-08-25,SHA,EC,MY,ST,BK,136,24
1,2025-08-25,BER,EC,MY,ST,BK,85,26
1,2025-08-25,SHA,EC,MY,ST,GY,48,24
1,2025-08-25,BER,EC,MY,ST,GY,46,26
1,2025-08-25,FRE,EC,MY,ST,WH,43,12
1,2025-08-25,SHA,EC,MY,ST,WH,139,24
1,2025-08-25,BER,EC,MY,ST,WH,102,26
1,2025-08-25,SHA,WC,M3,ST,BK,123,22
1,2025-08-25,BER,WC,M3,ST,BK,11,24
1,2025-08-25,SHA,WC,M3,ST,WH,17,22
1,2025-08-25,BER,WC,M3,ST,WH,119,24
1,2025-08-25,BER,WC,MY,ST,BK,19,24
1,2025-09-01,AUS,CC,M3,PR,BK,95,5
1,2025-09-01,FRE,CC,M3,PR,BK,79,9
1,2025-09-01,SHA,CC,M3,PR,BK,17,23
1,2025-09-01,AUS,CC,M3,PR,BL,30,5
1,2025-09-01,FRE,CC,M3,PR,BL,22,9
1,2025-09-01,SHA,CC,M3,PR,BL,25,23
1,2025-09-01,BER,CC,M3,PR,BL,21,25
1,2025-09-01,AUS,CC,M3,PR,GY,39,5
1,2025-09-01,FRE,CC,M3,PR,GY,44,9
1,2025-09-01,SHA,CC,M3,PR,GY,38,23
1,2025-09-01,BER,CC,M3,PR,GY,23,25
1,2025-09-01,AUS,CC,M3,PR,WH,79,5
1,2025-09-01,FRE,CC,M3,PR,WH,76,9
1,2025-09-01,SHA,CC,M3,PR,WH,67,23
1,2025-09-01,BER,CC,M3,PR,WH,7,25
1,2025-09-01,AUS,CC,M3,ST,BK,175,5
1,2025-09-01,AUS,CC,M3,ST,BL,78,5
1,2025-09-01,FRE,CC,M3,ST,BL,46,9
1,2025-09-01,SHA,CC,M3,ST,BL,38,23
1,2025-09-01,AUS,CC,M3,ST,GY,123,5
1,2025-09-01,FRE,CC,M3,ST,GY,20,9
1,2025-09-01,AUS,CC,M3,ST,WH,184,5
1,2025-09-01,AUS,CC,MY,PR,BK,72,5
1,2025-09-01,FRE,CC,MY,PR,BK,45,9
1,2025-09-01,SHA,CC,MY,PR,BK,16,23
1,2025-09-01,AUS,CC,MY,PR,BL,10,5
1,2025-09-01,FRE,CC,MY,PR,BL,14,9
1,2025-09-01,SHA,CC,MY,PR,BL,9,23
1,2025-09-01,BER,CC,MY,PR,BL,14,25
1,2025-09-01,AUS,CC,MY,PR,GY,33,5
1,2025-09-01,FRE,CC,MY,PR,GY,23,9
1,2025-09-01,SHA,CC,MY,PR,GY,29,23
1,2025-09-01,BER,CC,MY,PR,GY,36,25
1,2025-09-01,AUS,CC,MY,PR,WH,55,5
1,2025-09-01,FRE,CC,MY,PR,WH,54,9
1,2025-09-01,SHA,CC,MY,PR,WH,65,23
1,2025-09-01,BER,CC,MY,PR,WH,54,25
1,2025-09-01,AUS,CC,MY,ST,BK,113,5
1,2025-09-01,FRE,CC,MY,ST,BK,126,9
1,2025-09-01,SHA,CC,MY,ST,BK,42,23
1,2025-09-01,AUS,CC,MY,ST,BL,44,5
1,2025-09-01,FRE,CC,MY,ST,BL,27,9
1,2025-09-01,SHA,CC,MY,ST,BL,29,23
1,2025-09-01,BER,CC,MY,ST,BL,27,25
1,2025-09-01,AUS,CC,MY,ST,GY,88,5
1,2025-09-01,FRE,CC,MY,ST,GY,53,9
1,2025-09-01,AUS,CC,MY,ST,WH,130,5
1,2025-09-01,FRE,CC,MY,ST,WH,59,9
1,2025-09-01,SHA,EC,M3,PR,BK,54,24
1,2025-09-01,BER,EC,M3,PR,BK,77,26
1,2025-09-01,BER,EC,M3,PR,GY,24,26
1,2025-09-01,BER,EC,M3,PR,WH,63,26
1,2025-09-01,AUS,EC,M3,ST,BK,25,10
1,2025-09-01,FRE,EC,M3,ST,BK,184,12
1,2025-09-01,SHA,EC,M3,ST,BK,31,24
1,2025-09-01,SHA,EC,M3,ST,BL,11,24
1,2025-09-01,BER,EC,M3,ST,BL,48,26
1,2025-09-01,FRE,EC,M3,ST,GY,83,12
1,2025-09-01,SHA,EC,M3,ST,GY,105,24
1,2025-09-01,BER,EC,M3,ST,GY,57,26
1,2025-09-01,AUS,EC,M3,ST,WH,29,10
1,2025-09-01,FRE,EC,M3,ST,WH,185,12
1,2025-09-01,SHA,EC,MY,PR,BK,23,24
1,2025-09-01,BER,EC,MY,PR,BK,42,26
1,2025-09-01,SHA,EC,MY,ST,BK,75,24
1,2025-09-01,BER,EC,MY,ST,BK,114,26
1,2025-09-01,FRE,EC,MY,ST,GY,24,12
1,2025-09-01,SHA,EC,MY,ST,GY,51,24
1,2025-09-01,BER,EC,MY,ST,GY,79,26
1,2025-09-01,FRE,EC,MY,ST,WH,51,12
1,2025-09-01,SHA,EC,MY,ST,WH,119,24
1,2025-09-01,BER,EC,MY,ST,WH,116,26
1,2025-09-01,SHA,WC,M3,ST,BK,125,22
1,2025-09-01,BER,WC,M3,ST,GY,37,24
1,2025-09-01,FRE,WC,M3,ST,WH,13,4
1,2025-09-01,SHA,WC,M3,ST,WH,140,22
1,2025-09-08,AUS,CC,M3,PR,BK,82,5
1,2025-09-08,FRE,CC,M3,PR,BK,71,9
1,2025-09-08,SHA,CC,M3,PR,BK,64,23
1,2025-09-08,AUS,CC,M3,PR,BL,14,5
1,2025-09-08,FRE,CC,M3,PR,BL,21,9
1,2025-09-08,SHA,CC,M3,PR,BL,23,23
1,2025-09-08,BER,CC,M3,PR,BL,27,25
1,2025-09-08,AUS,CC,M3,PR,GY,45,5
1,2025-09-08,FRE,CC,M3,PR,GY,52,9
1,2025-09-08,SHA,CC,M3,PR,GY,23,23
1,2025-09-08,AUS,CC,M3,PR,WH,68,5
1,2025-09-08,FRE,CC,M3,PR,WH,75,9
1,2025-09-08,SHA,CC,M3,PR,WH,43,23
1,2025-09-08,AUS,CC,M3,ST,BK,159,5
1,2025-09-08,AUS,CC,M3,ST,BL,58,5
1,2025-09-08,FRE,CC,M3,ST,BL,43,9
1,2025-09-08,SHA,CC,M3,ST,BL,71,23
1,2025-09-08,BER,CC,M3,ST,BL,20,25
1,2025-09-08,AUS,CC,M3,ST,GY,104,5
1,2025-09-08,FRE,CC,M3,ST,GY,63,9
1,2025-09-08,AUS,CC,M3,ST,WH,187,5
1,2025-09-08,FRE,CC,M3,ST,WH,1,9
1,2025-09-08,AUS,CC,MY,PR,BK,60,5
1,2025-09-08,FRE,CC,MY,PR,BK,37,9
1,2025-09-08,SHA,CC,MY,PR,BK,68,23
1,2025-09-08,BER,CC,MY,PR,BK,55,25
1,2025-09-08,AUS,CC,MY,PR,BL,8,5
1,2025-09-08,FRE,CC,MY,PR,BL,8,9
1,2025-09-08,SHA,CC,MY,PR,BL,19,23
1,2025-09-08,BER,CC,MY,PR,BL,23,25
1,2025-09-08,AUS,CC,MY,PR,GY,26,5
1,2025-09-08,FRE,CC,MY,PR,GY,24,9
1,2025-09-08,SHA,CC,MY,PR,GY,38,23
1,2025-09-08,BER,CC,MY,PR,GY,42,25
1,2025-09-08,AUS,CC,MY,PR,WH,42,5
1,2025-09-08,FRE,CC,MY,PR,WH,49,9
1,2025-09-08,SHA,CC,MY,PR,WH,57,23
1,2025-09-08,BER,CC,MY,PR,WH,57,25
1,2025-09-08,AUS,CC,MY,ST,BK,117,5
1,2025-09-08,FRE,CC,MY,ST,BK,93,9
1,2025-09-08,SHA,CC,MY,ST,BK,10,23
1,2025-09-08,AUS,CC,MY,ST,BL,33,5
1,2025-09-08,FRE,CC,MY,ST,BL,31,9
1,2025-09-08,SHA,CC,MY,ST,BL,47,23
1,2025-09-08,BER,CC,MY,ST,BL,27,25
1,2025-09-08,AUS,CC,MY,ST,GY,76,5
1,2025-09-08,FRE,CC,MY,ST,GY,64,9
1,2025-09-08,SHA,CC,MY,ST,GY,48,23
1,2025-09-08,AUS,CC,MY,ST,WH,116,5
1,2025-09-08,FRE,CC,MY,ST,WH,35,9
1,2025-09-08,SHA,EC,M3,PR,BK,27,24
1,2025-09-08,BER,EC,M3,PR,BK,76,26
1,2025-09-08,SHA,EC,M3,PR,GY,40,24
1,2025-09-08,BER,EC,M3,PR,GY,41,26
1,2025-09-08,SHA,EC,M3,PR,WH,35,24
1,2025-09-08,BER,EC,M3,PR,WH,88,26
1,2025-09-08,AUS,EC,M3,ST,BK,1,10
1,2025-09-08,FRE,EC,M3,ST,BK,162,12
1,2025-09-08,SHA,EC,M3,ST,BK,73,24
1,2025-09-08,BER,EC,M3,ST,BL,32,26
1,2025-09-08,FRE,EC,M3,ST,GY,44,12
1,2025-09-08,SHA,EC,M3,ST,GY,122,24
1,2025-09-08,BER,EC,M3,ST,GY,50,26
1,2025-09-08,FRE,EC,M3,ST,WH,157,12
1,2025-09-08,SHA,EC,M3,ST,WH,124,24
1,2025-09-08,SHA,EC,MY,ST,BK,126,24
1,2025-09-08,BER,EC,MY,ST,BK,134,26
1,2025-09-08,SHA,EC,MY,ST,GY,36,24
1,2025-09-08,BER,EC,MY,ST,GY,80,26
1,2025-09-08,FRE,EC,MY,ST,WH,91,12
1,2025-09-08,SHA,EC,MY,ST,WH,129,24
1,2025-09-08,BER,EC,MY,ST,WH,81,26
1,2025-09-08,SHA,WC,M3,ST,BK,136,22
1,2025-09-08,BER,WC,M3,ST,BK,6,24
1,2025-09-08,BER,WC,M3,ST,GY,68,24
1,2025-09-08,SHA,WC,M3,ST,WH,90,22
1,2025-09-08,BER,WC,M3,ST,WH,41,24
1,2025-09-08,BER,WC,MY,ST,WH,50,24
1,2025-09-15,AUS,CC,M3,PR,BK,75,5
1,2025-09-15,FRE,CC,M3,PR,BK,103,9
1,2025-09-15,AUS,CC,M3,PR,BL,23,5
1,2025-09-15,FRE,CC,M3,PR,BL,18,9
1,2025-09-15,SHA,CC,M3,PR,BL,21,23
1,2025-09-15,BER,CC,M3,PR,BL,19,25
1,2025-09-15,AUS,CC,M3,PR,GY,47,5
1,2025-09-15,FRE,CC,M3,PR,GY,57,9
1,2025-09-15,SHA,CC,M3,PR,GY,38,23
1,2025-09-15,BER,CC,M3,PR,GY,29,25
1,2025-09-15,AUS,CC,M3,PR,WH,59,5
1,2025-09-15,FRE,CC,M3,PR,WH,88,9
1,2025-09-15,SHA,CC,M3,PR,WH,45,23
1,2025-09-15,AUS,CC,M3,ST,BK,131,5
1,2025-09-15,AUS,CC,M3,ST,BL,48,5
1,2025-09-15,FRE,CC,M3,ST,BL,46,9
1,2025-09-15,SHA,CC,M3,ST,BL,53,23
1,2025-09-15,BER,CC,M3,ST,BL,43,25
1,2025-09-15,AUS,CC,M3,ST,GY,108,5
1,2025-09-15,FRE,CC,M3,ST,GY,27,9
1,2025-09-15,AUS,CC,M3,ST,WH,117,5
1,2025-09-15,AUS,CC,MY,PR,BK,51,5
1,2025-09-15,FRE,CC,MY,PR,BK,59,9
1,2025-09-15,SHA,CC,MY,PR,BK,56,23
1,2025-09-15,BER,CC,MY,PR,BK,64,25
1,2025-09-15,AUS,CC,MY,PR,BL,13,5
1,2025-09-15,FRE,CC,MY,PR,BL,10,9
1,2025-09-15,SHA,CC,MY,PR,BL,18,23
1,2025-09-15,BER,CC,MY,PR,BL,20,25
1,2025-09-15,AUS,CC,MY,PR,GY,25,5
1,2025-09-15,FRE,CC,MY,PR,GY,46,9
1,2025-09-15,SHA,CC,MY,PR,GY,32,23
1,2025-09-15,BER,CC,MY,PR,GY,30,25
1,2025-09-15,AUS,CC,MY,PR,WH,63,5
1,2025-09-15,FRE,CC,MY,PR,WH,44,9
1,2025-09-15,SHA,CC,MY,PR,WH,69,23
1,2025-09-15,BER,CC,MY,PR,WH,26,25
1,2025-09-15,AUS,CC,MY,ST,BK,106,5
1,2025-09-15,FRE,CC,MY,ST,BK,98,9
1,2025-09-15,SHA,CC,MY,ST,BK,21,23
1,2025-09-15,AUS,CC,MY,ST,BL,37,5
1,2025-09-15,FRE,CC,MY,ST,BL,35,9
1,2025-09-15,SHA,CC,MY,ST,BL,36,23
1,2025-09-15,BER,CC,MY,ST,BL,39,25
1,2025-09-15,AUS,CC,MY,ST,GY,71,5
1,2025-09-15,FRE,CC,MY,ST,GY,75,9
1,2025-09-15,SHA,CC,MY,ST,GY,35,23
1,2025-09-15,AUS,CC,MY,ST,WH,127,5
1,2025-09-15,FRE,CC,MY,ST,WH,6,9
1,2025-09-15,SHA,EC,M3,PR,BK,67,24
1,2025-09-15,BER,EC,M3,PR,BK,90,26
1,2025-09-15,BER,EC,M3,PR,GY,7,26
1,2025-09-15,SHA,EC,M3,PR,WH,54,24
1,2025-09-15,BER,EC,M3,PR,WH,87,26
1,2025-09-15,AUS,EC,M3,ST,BK,50,10
1,2025-09-15,FRE,EC,M3,ST,BK,155,12
1,2025-09-15,FRE,EC,M3,ST,GY,72,12
1,2025-09-15,SHA,EC,M3,ST,GY,84,24
1,2025-09-15,AUS,EC,M3,ST,WH,57,10
1,2025-09-15,FRE,EC,M3,ST,WH,169,12
1,2025-09-15,SHA,EC,M3,ST,WH,23,24
1,2025-09-15,BER,EC,MY,PR,WH,23,26
1,2025-09-15,SHA,EC,MY,ST,BK,109,24
1,2025-09-15,BER,EC,MY,ST,BK,116,26
1,2025-09-15,SHA,EC,MY,ST,GY,41,24
1,2025-09-15,BER,EC,MY,ST,GY,73,26
1,2025-09-15,FRE,EC,MY,ST,WH,107,12
1,2025-09-15,SHA,EC,MY,ST,WH,142,24
1,2025-09-15,BER,EC,MY,ST,WH,63,26
1,2025-09-15,FRE,WC,M3,ST,BK,41,4
1,2025-09-15,SHA,WC,M3,ST,BK,78,22
1,2025-09-15,SHA,WC,M3,ST,GY,26,22
1,2025-09-15,BER,WC,M3,ST,GY,86,24
1,2025-09-15,SHA,WC,M3,ST,WH,119,22
1,2025-09-15,BER,WC,MY,ST,WH,67,24
1,2025-09-22,AUS,CC,M3,PR,BK,62,5
1,2025-09-22,FRE,CC,M3,PR,BK,78,9
1,2025-09-22,SHA,CC,M3,PR,BK,7,23
1,2025-09-22,AUS,CC,M3,PR,BL,32,5
1,2025-09-22,FRE,CC,M3,PR,BL,18,9
1,2025-09-22,SHA,CC,M3,PR,BL,28,23
1,2025-09-22,BER,CC,M3,PR,BL,17,25
1,2025-09-22,AUS,CC,M3,PR,GY,48,5
1,2025-09-22,FRE,CC,M3,PR,GY,39,9
1,2025-09-22,SHA,CC,M3,PR,GY,46,23
1,2025-09-22,BER,CC,M3,PR,GY,43,25
1,2025-09-22,AUS,CC,M3,PR,WH,85,5
1,2025-09-22,FRE,CC,M3,PR,WH,63,9
1,2025-09-22,SHA,CC,M3,PR,WH,73,23
1,2025-09-22,BER,CC,M3,PR,WH,9,25
1,2025-09-22,AUS,CC,M3,ST,BK,138,5
1,2025-09-22,AUS,CC,M3,ST,BL,51,5
1,2025-09-22,FRE,CC,M3,ST,BL,53,9
1,2025-09-22,SHA,CC,M3,ST,BL,43,23
1,2025-09-22,AUS,CC,M3,ST,GY,113,5
1,2025-09-22,FRE,CC,M3,ST,GY,39,9
1,2025-09-22,AUS,CC,M3,ST,WH,152,5
1,2025-09-22,AUS,CC,MY,PR,BK,59,5
1,2025-09-22,FRE,CC,MY,PR,BK,56,9
1,2025-09-22,SHA,CC,MY,PR,BK,53,23
1,2025-09-22,BER,CC,MY,PR,BK,54,25
1,2025-09-22,AUS,CC,MY,PR,BL,24,5
1,2025-09-22,FRE,CC,MY,PR,BL,14,9
1,2025-09-22,SHA,CC,MY,PR,BL,16,23
1,2025-09-22,BER,CC,MY,PR,BL,14,25
1,2025-09-22,AUS,CC,MY,PR,GY,41,5
1,2025-09-22,FRE,CC,MY,PR,GY,33,9
1,2025-09-22,SHA,CC,MY,PR,GY,28,23
1,2025-09-22,BER,CC,MY,PR,GY,25,25
1,2025-09-22,AUS,CC,MY,PR,WH,68,5
1,2025-09-22,FRE,CC,MY,PR,WH,49,9
1,2025-09-22,SHA,CC,MY,PR,WH,47,23
1,2025-09-22,BER,CC,MY,PR,WH,41,25
1,2025-09-22,AUS,CC,MY,ST,BK,117,5
1,2025-09-22,FRE,CC,MY,ST,BK,103,9
1,2025-09-22,AUS,CC,MY,ST,BL,39,5
1,2025-09-22,FRE,CC,MY,ST,BL,35,9
1,2025-09-22,SHA,CC,MY,ST,BL,27,23
1,2025-09-22,BER,CC,MY,ST,BL,26,25
1,2025-09-22,AUS,CC,MY,ST,GY,56,5
1,2025-09-22,FRE,CC,MY,ST,GY,76,9
1,2025-09-22,SHA,CC,MY,ST,GY,61,23
1,2025-09-22,BER,CC,MY,ST,GY,13,25
1,2025-09-22,AUS,CC,MY,ST,WH,123,5
1,2025-09-22,FRE,CC,MY,ST,WH,88,9
1,2025-09-22,SHA,EC,M3,PR,BK,73,24
1,2025-09-22,BER,EC,M3,PR,BK,67,26
1,2025-09-22,BER,EC,M3,PR,WH,83,26
1,2025-09-22,AUS,EC,M3,ST,BK,62,10
1,2025-09-22,FRE,EC,M3,ST,BK,161,12
1,2025-09-22,SHA,EC,M3,ST,BL,18,24
1,2025-09-22,BER,EC,M3,ST,BL,55,26
1,2025-09-22,FRE,EC,M3,ST,GY,75,12
1,2025-09-22,SHA,EC,M3,ST,GY,98,24
1,2025-09-22,BER,EC,M3,ST,GY,53,26
1,2025-09-22,AUS,EC,M3,ST,WH,53,10
1,2025-09-22,FRE,EC,M3,ST,WH,212,12
1,2025-09-22,SHA,EC,M3,ST,WH,32,24
1,2025-09-22,FRE,EC,MY,ST,BK,40,12
1,2025-09-22,SHA,EC,MY,ST,BK,126,24
1,2025-09-22,BER,EC,MY,ST,BK,64,26
1,2025-09-22,BER,EC,MY,ST,GY,55,26
1,2025-09-22,FRE,EC,MY,ST,WH,57,12
1,2025-09-22,SHA,EC,MY,ST,WH,124,24
1,2025-09-22,BER,EC,MY,ST,WH,123,26
1,2025-09-22,FRE,WC,M3,ST,BK,9,4
1,2025-09-22,SHA,WC,M3,ST,BK,121,22
1,2025-09-22,BER,WC,M3,ST,GY,42,24
1,2025-09-22,SHA,WC,M3,ST,WH,145,22
1,2025-09-22,BER,WC,M3,ST,WH,20,24
1,2025-09-22,BER,WC,MY,ST,BK,71,24
1,2025-09-29,AUS,CC,M3,PR,BK,25,5
1,2025-09-29,FRE,CC,M3,PR,BK,28,9
1,2025-09-29,SHA,CC,M3,PR,BK,18,23
1,2025-09-29,BER,CC,M3,PR,BK,23,25
1,2025-09-29,AUS,CC,M3,PR,BL,5,5
1,2025-09-29,FRE,CC,M3,PR,BL,5,9
1,2025-09-29,SHA,CC,M3,PR,BL,8,23
1,2025-09-29,BER,CC,M3,PR,BL,10,25
1,2025-09-29,AUS,CC,M3,PR,GY,15,5
1,2025-09-29,FRE,CC,M3,PR,GY,10,9
1,2025-09-29,SHA,CC,M3,PR,GY,10,23
1,2025-09-29,BER,CC,M3,PR,GY,18,25
1,2025-09-29,AUS,CC,M3,PR,WH,31,5
1,2025-09-29,FRE,CC,M3,PR,WH,27,9
1,2025-09-29,SHA,CC,M3,PR,WH,34,23
1,2025-09-29,BER,CC,M3,PR,WH,34,25
1,2025-09-29,AUS,CC,M3,ST,BK,49,5
1,2025-09-29,FRE,CC,M3,ST,BK,66,9
1,2025-09-29,SHA,CC,M3,ST,BK,18,23
1,2025-09-29,AUS,CC,M3,ST,BL,12,5
1,2025-09-29,FRE,CC,M3,ST,BL,22,9
1,2025-09-29,SHA,CC,M3,ST,BL,15,23
1,2025-09-29,BER,CC,M3,ST,BL,12,25
1,2025-09-29,AUS,CC,M3,ST,GY,36,5
1,2025-09-29,FRE,CC,M3,ST,GY,29,9
1,2025-09-29,SHA,CC,M3,ST,GY,30,23
1,2025-09-29,BER,CC,M3,ST,GY,41,25
1,2025-09-29,AUS,CC,M3,ST,WH,67,5
1,2025-09-29,FRE,CC,M3,ST,WH,51,9
1,2025-09-29,SHA,CC,M3,ST,WH,70,23
1,2025-09-29,BER,CC,M3,ST,WH,22,25
1,2025-09-29,AUS,CC,MY,PR,BK,13,5
1,2025-09-29,FRE,CC,MY,PR,BK,9,9
1,2025-09-29,SHA,CC,MY,PR,BK,11,23
1,2025-09-29,BER,CC,MY,PR,BK,27,25
1,2025-09-29,AUS,CC,MY,PR,BL,5,5
1,2025-09-29,FRE,CC,MY,PR,BL,3,9
1,2025-09-29,SHA,CC,MY,PR,BL,4,23
1,2025-09-29,BER,CC,MY,PR,BL,4,25
1,2025-09-29,AUS,CC,MY,PR,GY,7,5
1,2025-09-29,FRE,CC,MY,PR,GY,7,9
1,2025-09-29,SHA,CC,MY,PR,GY,8,23
1,2025-09-29,BER,CC,MY,PR,GY,7,25
1,2025-09-29,AUS,CC,MY,PR,WH,22,5
1,2025-09-29,FRE,CC,MY,PR,WH,12,9
1,2025-09-29,SHA,CC,MY,PR,WH,17,23
1,2025-09-29,BER,CC,MY,PR,WH,13,25
1,2025-09-29,AUS,CC,MY,ST,BK,44,5
1,2025-09-29,FRE,CC,MY,ST,BK,40,9
1,2025-09-29,SHA,CC,MY,ST,BK,34,23
1,2025-09-29,BER,CC,MY,ST,BK,36,25
1,2025-09-29,AUS,CC,MY,ST,BL,10,5
1,2025-09-29,FRE,CC,MY,ST,BL,15,9
1,2025-09-29,SHA,CC,MY,ST,BL,11,23
1,2025-09-29,BER,CC,MY,ST,BL,12,25
1,2025-09-29,AUS,CC,MY,ST,GY,22,5
1,2025-09-29,FRE,CC,MY,ST,GY,25,9
1,2025-09-29,SHA,CC,MY,ST,GY,23,23
1,2025-09-29,BER,CC,MY,ST,GY,15,25
1,2025-09-29,AUS,CC,MY,ST,WH,26,5
1,2025-09-29,FRE,CC,MY,ST,WH,40,9
1,2025-09-29,SHA,CC,MY,ST,WH,26,23
1,2025-09-29,BER,CC,MY,ST,WH,39,25
1,2025-09-29,SHA,EC,M3,ST,BK,38,24
1,2025-09-29,BER,EC,M3,ST,BK,56,26
1,2025-09-29,BER,EC,M3,ST,WH,34,26
2,2025-07-07,AUS,CC,M3,PR,BK,82,5
2,2025-07-07,FRE,CC,M3,PR,BK,71,9
2,2025-07-07,SHA,CC,M3,PR,BK,73,23
2,2025-07-07,AUS,CC,M3,PR,BL,31,5
2,2025-07-07,FRE,CC,M3,PR,BL,28,9
2,2025-07-07,SHA,CC,M3,PR,BL,22,23
2,2025-07-07,BER,CC,M3,PR,BL,28,25
2,2025-07-07,AUS,CC,M3,PR,GY,43,5
2,2025-07-07,FRE,CC,M3,PR,GY,41,9
2,2025-07-07,SHA,CC,M3,PR,GY,45,23
2,2025-07-07,BER,CC,M3,PR,GY,33,25
2,2025-07-07,AUS,CC,M3,PR,WH,78,5
2,2025-07-07,FRE,CC,M3,PR,WH,62,9
2,2025-07-07,SHA,CC,M3,PR,WH,58,23
2,2025-07-07,AUS,CC,M3,ST,BK,152,5
2,2025-07-07,AUS,CC,M3,ST,BL,60,5
2,2025-07-07,FRE,CC,M3,ST,BL,47,9
2,2025-07-07,SHA,CC,M3,ST,BL,37,23
2,2025-07-07,AUS,CC,M3,ST,GY,107,5
2,2025-07-07,FRE,CC,M3,ST,GY,58,9
2,2025-07-07,AUS,CC,M3,ST,WH,152,5
2,2025-07-07,AUS,CC,MY,PR,BK,50,5
2,2025-07-07,FRE,CC,MY,PR,BK,54,9
2,2025-07-07,SHA,CC,MY,PR,BK,48,23
2,2025-07-07,BER,CC,MY,PR,BK,53,25
2,2025-07-07,AUS,CC,MY,PR,BL,15,5
2,2025-07-07,FRE,CC,MY,PR,BL,12,9
2,2025-07-07,SHA,CC,MY,PR,BL,15,23
2,2025-07-07,BER,CC,MY,PR,BL,20,25
2,2025-07-07,AUS,CC,MY,PR,GY,30,5
2,2025-07-07,FRE,CC,MY,PR,GY,20,9
2,2025-07-07,SHA,CC,MY,PR,GY,27,23
2,2025-07-07,BER,CC,MY,PR,GY,33,25
2,2025-07-07,AUS,CC,MY,PR,WH,51,5
2,2025-07-07,FRE,CC,MY,PR,WH,44,9
2,2025-07-07,SHA,CC,MY,PR,WH,35,23
2,2025-07-07,BER,CC,MY,PR,WH,56,25
2,2025-07-07,AUS,CC,MY,ST,BK,136,5
2,2025-07-07,FRE,CC,MY,ST,BK,65,9
2,2025-07-07,AUS,CC,MY,ST,BL,42,5
2,2025-07-07,FRE,CC,MY,ST,BL,35,9
2,2025-07-07,SHA,CC,MY,ST,BL,30,23
2,2025-07-07,BER,CC,MY,ST,BL,33,25
2,2025-07-07,AUS,CC,MY,ST,GY,88,5
2,2025-07-07,FRE,CC,MY,ST,GY,45,9
2,2025-07-07,SHA,CC,MY,ST,GY,46,23
2,2025-07-07,AUS,CC,MY,ST,WH,130,5
2,2025-07-07,FRE,CC,MY,ST,WH,104,9
2,2025-07-07,SHA,EC,M3,PR,BK,37,24
2,2025-07-07,BER,EC,M3,PR,BK,79,26
2,2025-07-07,BER,EC,M3,PR,GY,5,26
2,2025-07-07,SHA,EC,M3,PR,WH,9,24
2,2025-07-07,BER,EC,M3,PR,WH,73,26
2,2025-07-07,AUS,EC,M3,ST,BK,19,10
2,2025-07-07,FRE,EC,M3,ST,BK,160,12
2,2025-07-07,SHA,EC,M3,ST,BK,51,24
2,2025-07-07,SHA,EC,M3,ST,BL,11,24
2,2025-07-07,BER,EC,M3,ST,BL,53,26
2,2025-07-07,FRE,EC,M3,ST,GY,43,12
2,2025-07-07,SHA,EC,M3,ST,GY,102,24
2,2025-07-07,BER,EC,M3,ST,GY,98,26
2,2025-07-07,AUS,EC,M3,ST,WH,48,10
2,2025-07-07,FRE,EC,M3,ST,WH,156,12
2,2025-07-07,FRE,EC,MY,ST,BK,35,12
2,2025-07-07,SHA,EC,MY,ST,BK,133,24
2,2025-07-07,BER,EC,MY,ST,BK,94,26
2,2025-07-07,SHA,EC,MY,ST,GY,33,24
2,2025-07-07,BER,EC,MY,ST,GY,80,26
2,2025-07-07,FRE,EC,MY,ST,WH,17,12
2,2025-07-07,SHA,EC,MY,ST,WH,119,24
2,2025-07-07,BER,EC,MY,ST,WH,119,26
2,2025-07-07,SHA,WC,M3,ST,BK,129,22
2,2025-07-07,FRE,WC,M3,ST,WH,8,4
2,2025-07-07,SHA,WC,M3,ST,WH,137,22
2,2025-07-07,BER,WC,MY,ST,BK,22,24
2,2025-07-14,AUS,CC,M3,PR,BK,82,5
2,2025-07-14,FRE,CC,M3,PR,BK,62,9
2,2025-07-14,SHA,CC,M3,PR,BK,74,23
2,2025-07-14,BER,CC,M3,PR,BK,11,25
2,2025-07-14,AUS,CC,M3,PR,BL,26,5
2,2025-07-14,FRE,CC,M3,PR,BL,24,9
2,2025-07-14,SHA,CC,M3,PR,BL,24,23
2,2025-07-14,BER,CC,M3,PR,BL,16,25
2,2025-07-14,AUS,CC,M3,PR,GY,49,5
2,2025-07-14,FRE,CC,M3,PR,GY,43,9
2,2025-07-14,SHA,CC,M3,PR,GY,48,23
2,2025-07-14,BER,CC,M3,PR,GY,47,25
2,2025-07-14,AUS,CC,M3,PR,WH,91,5
2,2025-07-14,FRE,CC,M3,PR,WH,68,9
2,2025-07-14,SHA,CC,M3,PR,WH,39,23
2,2025-07-14,AUS,CC,M3,ST,BK,168,5
2,2025-07-14,FRE,CC,M3,ST,BK,19,9
2,2025-07-14,AUS,CC,M3,ST,BL,44,5
2,2025-07-14,FRE,CC,M3,ST,BL,48,9
2,2025-07-14,SHA,CC,M3,ST,BL,51,23
2,2025-07-14,BER,CC,M3,ST,BL,11,25
2,2025-07-14,AUS,CC,M3,ST,GY,103,5
2,2025-07-14,FRE,CC,M3,ST,GY,74,9
2,2025-07-14,AUS,CC,M3,ST,WH,145,5
2,2025-07-14,AUS,CC,MY,PR,BK,59,5
2,2025-07-14,FRE,CC,MY,PR,BK,53,9
2,2025-07-14,SHA,CC,MY,PR,BK,48,23
2,2025-07-14,BER,CC,MY,PR,BK,51,25
2,2025-07-14,AUS,CC,MY,PR,BL,16,5
2,2025-07-14,FRE,CC,MY,PR,BL,12,9
2,2025-07-14,SHA,CC,MY,PR,BL,15,23
2,2025-07-14,BER,CC,MY,PR,BL,13,25
2,2025-07-14,AUS,CC,MY,PR,GY,25,5
2,2025-07-14,FRE,CC,MY,PR,GY,21,9
2,2025-07-14,SHA,CC,MY,PR,GY,22,23
2,2025-07-14,BER,CC,MY,PR,GY,25,25
2,2025-07-14,AUS,CC,MY,PR,WH,62,5
2,2025-07-14,FRE,CC,MY,PR,WH,38,9
2,2025-07-14,SHA,CC,MY,PR,WH,44,23
2,2025-07-14,BER,CC,MY,PR,WH,44,25
2,2025-07-14,AUS,CC,MY,ST,BK,131,5
2,2025-07-14,FRE,CC,MY,ST,BK,64,9
2,2025-07-14,AUS,CC,MY,ST,BL,32,5
2,2025-07-14,FRE,CC,MY,ST,BL,28,9
2,2025-07-14,SHA,CC,MY,ST,BL,34,23
2,2025-07-14,BER,CC,MY,ST,BL,32,25
2,2025-07-14,AUS,CC,MY,ST,GY,75,5
2,2025-07-14,FRE,CC,MY,ST,GY,64,9
2,2025-07-14,SHA,CC,MY,ST,GY,61,23
2,2025-07-14,BER,CC,MY,ST,GY,4,25
2,2025-07-14,AUS,CC,MY,ST,WH,121,5
2,2025-07-14,FRE,CC,MY,ST,WH,88,9
2,2025-07-14,SHA,CC,MY,ST,WH,1,23
2,2025-07-14,BER,EC,M3,PR,BK,53,26
2,2025-07-14,SHA,EC,M3,PR,WH,35,24
2,2025-07-14,BER,EC,M3,PR,WH,73,26
2,2025-07-14,FRE,EC,M3,ST,BK,159,12
2,2025-07-14,SHA,EC,M3,ST,BK,67,24
2,2025-07-14,BER,EC,M3,ST,BL,33,26
2,2025-07-14,FRE,EC,M3,ST,GY,15,12
2,2025-07-14,SHA,EC,M3,ST,GY,107,24
2,2025-07-14,BER,EC,M3,ST,GY,100,26
2,2025-07-14,AUS,EC,M3,ST,WH,29,10
2,2025-07-14,FRE,EC,M3,ST,WH,176,12
2,2025-07-14,SHA,EC,M3,ST,WH,43,24
2,2025-07-14,FRE,EC,MY,ST,BK,20,12
2,2025-07-14,SHA,EC,MY,ST,BK,131,24
2,2025-07-14,BER,EC,MY,ST,BK,130,26
2,2025-07-14,BER,EC,MY,ST,GY,64,26
2,2025-07-14,SHA,EC,MY,ST,WH,103,24
2,2025-07-14,BER,EC,MY,ST,WH,125,26
2,2025-07-14,SHA,WC,M3,ST,BK,100,22
2,2025-07-14,BER,WC,M3,ST,BK,45,24
2,2025-07-14,SHA,WC,M3,ST,WH,128,22
2,2025-07-21,AUS,CC,M3,PR,BK,77,5
2,2025-07-21,FRE,CC,M3,PR,BK,68,9
2,2025-07-21,SHA,CC,M3,PR,BK,72,23
2,2025-07-21,AUS,CC,M3,PR,BL,28,5
2,2025-07-21,FRE,CC,M3,PR,BL,20,9
2,2025-07-21,SHA,CC,M3,PR,BL,22,23
2,2025-07-21,BER,CC,M3,PR,BL,30,25
2,2025-07-21,AUS,CC,M3,PR,GY,41,5
2,2025-07-21,FRE,CC,M3,PR,GY,32,9
2,2025-07-21,SHA,CC,M3,PR,GY,41,23
2,2025-07-21,BER,CC,M3,PR,GY,30,25
2,2025-07-21,AUS,CC,M3,PR,WH,82,5
2,2025-07-21,FRE,CC,M3,PR,WH,71,9
2,2025-07-21,SHA,CC,M3,PR,WH,37,23
2,2025-07-21,AUS,CC,M3,ST,BK,176,5
2,2025-07-21,AUS,CC,M3,ST,BL,68,5
2,2025-07-21,FRE,CC,M3,ST,BL,52,9
2,2025-07-21,SHA,CC,M3,ST,BL,65,23
2,2025-07-21,AUS,CC,M3,ST,GY,110,5
2,2025-07-21,FRE,CC,M3,ST,GY,28,9
2,2025-07-21,AUS,CC,M3,ST,WH,175,5
2,2025-07-21,AUS,CC,MY,PR,BK,39,5
2,2025-07-21,FRE,CC,MY,PR,BK,44,9
2,2025-07-21,SHA,CC,MY,PR,BK,57,23
2,2025-07-21,BER,CC,MY,PR,BK,65,25
2,2025-07-21,AUS,CC,MY,PR,BL,14,5
2,2025-07-21,FRE,CC,MY,PR,BL,15,9
2,2025-07-21,SHA,CC,MY,PR,BL,14,23
2,2025-07-21,BER,CC,MY,PR,BL,11,25
2,2025-07-21,AUS,CC,MY,PR,GY,26,5
2,2025-07-21,FRE,CC,MY,PR,GY,22,9
2,2025-07-21,SHA,CC,MY,PR,GY,23,23
2,2025-07-21,BER,CC,MY,PR,GY,28,25
2,2025-07-21,AUS,CC,MY,PR,WH,57,5
2,2025-07-21,FRE,CC,MY,PR,WH,40,9
2,2025-07-21,SHA,CC,MY,PR,WH,62,23
2,2025-07-21,BER,CC,MY,PR,WH,47,25
2,2025-07-21,AUS,CC,MY,ST,BK,135,5
2,2025-07-21,FRE,CC,MY,ST,BK,68,9
2,2025-07-21,AUS,CC,MY,ST,BL,40,5
2,2025-07-21,FRE,CC,MY,ST,BL,28,9
2,2025-07-21,SHA,CC,MY,ST,BL,32,23
2,2025-07-21,BER,CC,MY,ST,BL,38,25
2,2025-07-21,AUS,CC,MY,ST,GY,73,5
2,2025-07-21,FRE,CC,MY,ST,GY,56,9
2,2025-07-21,SHA,CC,MY,ST,GY,57,23
2,2025-07-21,AUS,CC,MY,ST,WH,130,5
2,2025-07-21,FRE,CC,MY,ST,WH,34,9
2,2025-07-21,SHA,EC,M3,PR,BK,6,24
2,2025-07-21,BER,EC,M3,PR,BK,72,26
2,2025-07-21,BER,EC,M3,PR,GY,11,26
2,2025-07-21,SHA,EC,M3,PR,WH,46,24
2,2025-07-21,BER,EC,M3,PR,WH,82,26
2,2025-07-21,AUS,EC,M3,ST,BK,12,10
2,2025-07-21,FRE,EC,M3,ST,BK,157,12
2,2025-07-21,SHA,EC,M3,ST,BK,103,24
2,2025-07-21,SHA,EC,M3,ST,BL,11,24
2,2025-07-21,BER,EC,M3,ST,BL,48,26
2,2025-07-21,FRE,EC,M3,ST,GY,58,12
2,2025-07-21,SHA,EC,M3,ST,GY,120,24
2,2025-07-21,BER,EC,M3,ST,GY,76,26
2,2025-07-21,FRE,EC,M3,ST,WH,165,12
2,2025-07-21,SHA,EC,M3,ST,WH,57,24
2,2025-07-21,FRE,EC,MY,ST,BK,28,12
2,2025-07-21,SHA,EC,MY,ST,BK,128,24
2,2025-07-21,BER,EC,MY,ST,BK,129,26
2,2025-07-21,SHA,EC,MY,ST,GY,31,24
2,2025-07-21,BER,EC,MY,ST,GY,72,26
2,2025-07-21,FRE,EC,MY,ST,WH,81,12
2,2025-07-21,SHA,EC,MY,ST,WH,137,24
2,2025-07-21,BER,EC,MY,ST,WH,18,26
2,2025-07-21,SHA,WC,M3,ST,BK,88,22
2,2025-07-21,BER,WC,M3,ST,BK,44,24
2,2025-07-21,BER,WC,M3,ST,GY,31,24
2,2025-07-21,SHA,WC,M3,ST,WH,145,22
2,2025-07-21,BER,WC,MY,ST,WH,96,24
2,2025-07-28,AUS,CC,M3,PR,BK,82,5
2,2025-07-28,FRE,CC,M3,PR,BK,57,9
2,2025-07-28,SHA,CC,M3,PR,BK,43,23
2,2025-07-28,AUS,CC,M3,PR,BL,22,5
2,2025-07-28,FRE,CC,M3,PR,BL,16,9
2,2025-07-28,SHA,CC,M3,PR,BL,20,23
2,2025-07-28,BER,CC,M3,PR,BL,16,25
2,2025-07-28,AUS,CC,M3,PR,GY,45,5
2,2025-07-28,FRE,CC,M3,PR,GY,29,9
2,2025-07-28,SHA,CC,M3,PR,GY,42,23
2,2025-07-28,BER,CC,M3,PR,GY,37,25
2,2025-07-28,AUS,CC,M3,PR,WH,103,5
2,2025-07-28,FRE,CC,M3,PR,WH,61,9
2,2025-07-28,SHA,CC,M3,PR,WH,27,23
2,2025-07-28,AUS,CC,M3,ST,BK,167,5
2,2025-07-28,AUS,CC,M3,ST,BL,52,5
2,2025-07-28,FRE,CC,M3,ST,BL,31,9
2,2025-07-28,SHA,CC,M3,ST,BL,47,23
2,2025-07-28,AUS,CC,M3,ST,GY,145,5
2,2025-07-28,FRE,CC,M3,ST,GY,20,9
2,2025-07-28,AUS,CC,M3,ST,WH,168,5
2,2025-07-28,AUS,CC,MY,PR,BK,54,5
2,2025-07-28,FRE,CC,MY,PR,BK,47,9
2,2025-07-28,SHA,CC,MY,PR,BK,57,23
2,2025-07-28,BER,CC,MY,PR,BK,22,25
2,2025-07-28,AUS,CC,MY,PR,BL,16,5
2,2025-07-28,FRE,CC,MY,PR,BL,8,9
2,2025-07-28,SHA,CC,MY,PR,BL,17,23
2,2025-07-28,BER,CC,MY,PR,BL,7,25
2,2025-07-28,AUS,CC,MY,PR,GY,29,5
2,2025-07-28,FRE,CC,MY,PR,GY,20,9
2,2025-07-28,SHA,CC,MY,PR,GY,31,23
2,2025-07-28,BER,CC,MY,PR,GY,22,25
2,2025-07-28,AUS,CC,MY,PR,WH,56,5
2,2025-07-28,FRE,CC,MY,PR,WH,54,9
2,2025-07-28,SHA,CC,MY,PR,WH,49,23
2,2025-07-28,BER,CC,MY,PR,WH,48,25
2,2025-07-28,AUS,CC,MY,ST,BK,153,5
2,2025-07-28,FRE,CC,MY,ST,BK,45,9
2,2025-07-28,AUS,CC,MY,ST,BL,54,5
2,2025-07-28,FRE,CC,MY,ST,BL,27,9
2,2025-07-28,SHA,CC,MY,ST,BL,33,23
2,2025-07-28,BER,CC,MY,ST,BL,40,25
2,2025-07-28,AUS,CC,MY,ST,GY,66,5
2,2025-07-28,FRE,CC,MY,ST,GY,49,9
2,2025-07-28,SHA,CC,MY,ST,GY,53,23
2,2025-07-28,BER,CC,MY,ST,GY,48,25
2,2025-07-28,AUS,CC,MY,ST,WH,115,5
2,2025-07-28,FRE,CC,MY,ST,WH,93,9
2,2025-07-28,SHA,CC,MY,ST,WH,11,23
2,2025-07-28,SHA,EC,M3,PR,BK,48,24
2,2025-07-28,BER,EC,M3,PR,BK,65,26
2,2025-07-28,SHA,EC,M3,PR,WH,47,24
2,2025-07-28,BER,EC,M3,PR,WH,50,26
2,2025-07-28,AUS,EC,M3,ST,BK,31,10
2,2025-07-28,FRE,EC,M3,ST,BK,116,12
2,2025-07-28,SHA,EC,M3,ST,BK,45,24
2,2025-07-28,SHA,EC,M3,ST,BL,5,24
2,2025-07-28,BER,EC,M3,ST,BL,56,26
2,2025-07-28,FRE,EC,M3,ST,GY,64,12
2,2025-07-28,SHA,EC,M3,ST,GY,126,24
2,2025-07-28,BER,EC,M3,ST,GY,18,26
2,2025-07-28,AUS,EC,M3,ST,WH,41,10
2,2025-07-28,FRE,EC,M3,ST,WH,148,12
2,2025-07-28,SHA,EC,M3,ST,WH,83,24
2,2025-07-28,BER,EC,MY,PR,BK,16,26
2,2025-07-28,FRE,EC,MY,ST,BK,58,12
2,2025-07-28,SHA,EC,MY,ST,BK,112,24
2,2025-07-28,BER,EC,MY,ST,BK,104,26
2,2025-07-28,BER,EC,MY,ST,GY,5,26
2,2025-07-28,SHA,EC,MY,ST,WH,114,24
2,2025-07-28,BER,EC,MY,ST,WH,105,26
2,2025-07-28,SHA,WC,M3,ST,BK,128,22
2,2025-07-28,BER,WC,M3,ST,GY,86,24
2,2025-07-28,SHA,WC,M3,ST,WH,105,22
2,2025-07-28,BER,WC,M3,ST,WH,19,24
2,2025-08-04,AUS,CC,M3,PR,BK,73,5
2,2025-08-04,FRE,CC,M3,PR,BK,64,9
2,2025-08-04,SHA,CC,M3,PR,BK,28,23
2,2025-08-04,AUS,CC,M3,PR,BL,23,5
2,2025-08-04,FRE,CC,M3,PR,BL,16,9
2,2025-08-04,SHA,CC,M3,PR,BL,20,23
2,2025-08-04,BER,CC,M3,PR,BL,15,25
2,2025-08-04,AUS,CC,M3,PR,GY,38,5
2,2025-08-04,FRE,CC,M3,PR,GY,44,9
2,2025-08-04,SHA,CC,M3,PR,GY,41,23
2,2025-08-04,BER,CC,M3,PR,GY,47,25
2,2025-08-04,AUS,CC,M3,PR,WH,70,5
2,2025-08-04,FRE,CC,M3,PR,WH,73,9
2,2025-08-04,SHA,CC,M3,PR,WH,43,23
2,2025-08-04,AUS,CC,M3,ST,BK,149,5
2,2025-08-04,AUS,CC,M3,ST,BL,49,5
2,2025-08-04,FRE,CC,M3,ST,BL,40,9
2,2025-08-04,SHA,CC,M3,ST,BL,55,23
2,2025-08-04,BER,CC,M3,ST,BL,36,25
2,2025-08-04,AUS,CC,M3,ST,GY,93,5
2,2025-08-04,FRE,CC,M3,ST,GY,82,9
2,2025-08-04,SHA,CC,M3,ST,GY,17,23
2,2025-08-04,AUS,CC,M3,ST,WH,142,5
2,2025-08-04,AUS,CC,MY,PR,BK,35,5
2,2025-08-04,FRE,CC,MY,PR,BK,32,9
2,2025-08-04,SHA,CC,MY,PR,BK,54,23
2,2025-08-04,BER,CC,MY,PR,BK,45,25
2,2025-08-04,AUS,CC,MY,PR,BL,16,5
2,2025-08-04,FRE,CC,MY,PR,BL,10,9
2,2025-08-04,SHA,CC,MY,PR,BL,13,23
2,2025-08-04,BER,CC,MY,PR,BL,17,25
2,2025-08-04,AUS,CC,MY,PR,GY,36,5
2,2025-08-04,FRE,CC,MY,PR,GY,19,9
2,2025-08-04,SHA,CC,MY,PR,GY,27,23
2,2025-08-04,BER,CC,MY,PR,GY,31,25
2,2025-08-04,AUS,CC,MY,PR,WH,55,5
2,2025-08-04,FRE,CC,MY,PR,WH,40,9
2,2025-08-04,SHA,CC,MY,PR,WH,46,23
2,2025-08-04,BER,CC,MY,PR,WH,64,25
2,2025-08-04,AUS,CC,MY,ST,BK,130,5
2,2025-08-04,FRE,CC,MY,ST,BK,73,9
2,2025-08-04,AUS,CC,MY,ST,BL,31,5
2,2025-08-04,FRE,CC,MY,ST,BL,36,9
2,2025-08-04,SHA,CC,MY,ST,BL,32,23
2,2025-08-04,BER,CC,MY,ST,BL,28,25
2,2025-08-04,AUS,CC,MY,ST,GY,84,5
2,2025-08-04,FRE,CC,MY,ST,GY,60,9
2,2025-08-04,SHA,CC,MY,ST,GY,24,23
2,2025-08-04,AUS,CC,MY,ST,WH,109,5
2,2025-08-04,FRE,CC,MY,ST,WH,76,9
2,2025-08-04,SHA,EC,M3,PR,BK,52,24
2,2025-08-04,BER,EC,M3,PR,BK,84,26
2,2025-08-04,SHA,EC,M3,PR,WH,37,24
2,2025-08-04,BER,EC,M3,PR,WH,58,26
2,2025-08-04,AUS,EC,M3,ST,BK,29,10
2,2025-08-04,FRE,EC,M3,ST,BK,145,12
2,2025-08-04,SHA,EC,M3,ST,BK,34,24
2,2025-08-04,BER,EC,M3,ST,BL,9,26
2,2025-08-04,SHA,EC,M3,ST,GY,81,24
2,2025-08-04,BER,EC,M3,ST,GY,99,26
2,2025-08-04,AUS,EC,M3,ST,WH,25,10
2,2025-08-04,FRE,EC,M3,ST,WH,139,12
2,2025-08-04,SHA,EC,M3,ST,WH,57,24
2,2025-08-04,FRE,EC,MY,ST,BK,29,12
2,2025-08-04,SHA,EC,MY,ST,BK,122,24
2,2025-08-04,BER,EC,MY,ST,BK,119,26
2,2025-08-04,SHA,EC,MY,ST,GY,38,24
2,2025-08-04,BER,EC,MY,ST,GY,72,26
2,2025-08-04,FRE,EC,MY,ST,WH,37,12
2,2025-08-04,SHA,EC,MY,ST,WH,125,24
2,2025-08-04,BER,EC,MY,ST,WH,125,26
2,2025-08-04,SHA,WC,M3,ST,BK,138,22
2,2025-08-04,BER,WC,M3,ST,BK,9,24
2,2025-08-04,SHA,WC,M3,ST,WH,111,22
2,2025-08-04,BER,WC,M3,ST,WH,21,24
2,2025-08-04,BER,WC,MY,ST,BK,10,24
2,2025-08-04,BER,WC,MY,ST,WH,8,24
2,2025-08-11,AUS,CC,M3,PR,BK,71,5
2,2025-08-11,FRE,CC,M3,PR,BK,61,9
2,2025-08-11,SHA,CC,M3,PR,BK,71,23
2,2025-08-11,BER,CC,M3,PR,BK,29,25
2,2025-08-11,AUS,CC,M3,PR,BL,20,5
2,2025-08-11,FRE,CC,M3,PR,BL,16,9
2,2025-08-11,SHA,CC,M3,PR,BL,16,23
2,2025-08-11,BER,CC,M3,PR,BL,16,25
2,2025-08-11,AUS,CC,M3,PR,GY,36,5
2,2025-08-11,FRE,CC,M3,PR,GY,25,9
2,2025-08-11,SHA,CC,M3,PR,GY,61,23
2,2025-08-11,BER,CC,M3,PR,GY,50,25
2,2025-08-11,AUS,CC,M3,PR,WH,89,5
2,2025-08-11,FRE,CC,M3,PR,WH,68,9
2,2025-08-11,SHA,CC,M3,PR,WH,9,23
2,2025-08-11,AUS,CC,M3,ST,BK,138,5
2,2025-08-11,AUS,CC,M3,ST,BL,46,5
2,2025-08-11,FRE,CC,M3,ST,BL,34,9
2,2025-08-11,SHA,CC,M3,ST,BL,55,23
2,2025-08-11,BER,CC,M3,ST,BL,18,25
2,2025-08-11,AUS,CC,M3,ST,GY,95,5
2,2025-08-11,FRE,CC,M3,ST,GY,69,9
2,2025-08-11,AUS,CC,M3,ST,WH,159,5
2,2025-08-11,AUS,CC,MY,PR,BK,47,5
2,2025-08-11,FRE,CC,MY,PR,BK,35,9
2,2025-08-11,SHA,CC,MY,PR,BK,52,23
2,2025-08-11,BER,CC,MY,PR,BK,48,25
2,2025-08-11,AUS,CC,MY,PR,BL,16,5
2,2025-08-11,FRE,CC,MY,PR,BL,4,9
2,2025-08-11,SHA,CC,MY,PR,BL,19,23
2,2025-08-11,BER,CC,MY,PR,BL,16,25
2,2025-08-11,AUS,CC,MY,PR,GY,25,5
2,2025-08-11,FRE,CC,MY,PR,GY,22,9
2,2025-08-11,SHA,CC,MY,PR,GY,33,23
2,2025-08-11,BER,CC,MY,PR,GY,24,25
2,2025-08-11,AUS,CC,MY,PR,WH,53,5
2,2025-08-11,FRE,CC,MY,PR,WH,45,9
2,2025-08-11,SHA,CC,MY,PR,WH,61,23
2,2025-08-11,BER,CC,MY,PR,WH,40,25
2,2025-08-11,AUS,CC,MY,ST,BK,117,5
2,2025-08-11,FRE,CC,MY,ST,BK,83,9
2,2025-08-11,AUS,CC,MY,ST,BL,29,5
2,2025-08-11,FRE,CC,MY,ST,BL,21,9
2,2025-08-11,SHA,CC,MY,ST,BL,28,23
2,2025-08-11,BER,CC,MY,ST,BL,32,25
2,2025-08-11,AUS,CC,MY,ST,GY,62,5
2,2025-08-11,FRE,CC,MY,ST,GY,60,9
2,2025-08-11,SHA,CC,MY,ST,GY,75,23
2,2025-08-11,BER,CC,MY,ST,GY,34,25
2,2025-08-11,AUS,CC,MY,ST,WH,110,5
2,2025-08-11,FRE,CC,MY,ST,WH,103,9
2,2025-08-11,SHA,CC,MY,ST,WH,19,23
2,2025-08-11,BER,EC,M3,PR,BK,54,26
2,2025-08-11,SHA,EC,M3,PR,WH,75,24
2,2025-08-11,BER,EC,M3,PR,WH,80,26
2,2025-08-11,AUS,EC,M3,ST,BK,17,10
2,2025-08-11,FRE,EC,M3,ST,BK,144,12
2,2025-08-11,SHA,EC,M3,ST,BK,141,24
2,2025-08-11,BER,EC,M3,ST,BL,30,26
2,2025-08-11,FRE,EC,M3,ST,GY,23,12
2,2025-08-11,SHA,EC,M3,ST,GY,86,24
2,2025-08-11,BER,EC,M3,ST,GY,103,26
2,2025-08-11,AUS,EC,M3,ST,WH,16,10
2,2025-08-11,FRE,EC,M3,ST,WH,135,12
2,2025-08-11,SHA,EC,M3,ST,WH,92,24
2,2025-08-11,FRE,EC,MY,ST,BK,14,12
2,2025-08-11,SHA,EC,MY,ST,BK,115,24
2,2025-08-11,BER,EC,MY,ST,BK,117,26
2,2025-08-11,BER,EC,MY,ST,GY,39,26
2,2025-08-11,SHA,EC,MY,ST,WH,114,24
2,2025-08-11,BER,EC,MY,ST,WH,110,26
2,2025-08-11,SHA,WC,M3,ST,BK,52,22
2,2025-08-11,BER,WC,M3,ST,BK,119,24
2,2025-08-11,SHA,WC,M3,ST,WH,98,22
2,2025-08-11,BER,WC,M3,ST,WH,45,24
2,2025-08-11,BER,WC,MY,ST,BK,8,24
2,2025-08-18,AUS,CC,M3,PR,BK,96,5
2,2025-08-18,FRE,CC,M3,PR,BK,56,9
2,2025-08-18,SHA,CC,M3,PR,BK,33,23
2,2025-08-18,AUS,CC,M3,PR,BL,30,5
2,2025-08-18,FRE,CC,M3,PR,BL,29,9
2,2025-08-18,SHA,CC,M3,PR,BL,23,23
2,2025-08-18,BER,CC,M3,PR,BL,20,25
2,2025-08-18,AUS,CC,M3,PR,GY,47,5
2,2025-08-18,FRE,CC,M3,PR,GY,42,9
2,2025-08-18,SHA,CC,M3,PR,GY,55,23
2,2025-08-18,BER,CC,M3,PR,GY,47,25
2,2025-08-18,AUS,CC,M3,PR,WH,78,5
2,2025-08-18,FRE,CC,M3,PR,WH,76,9
2,2025-08-18,SHA,CC,M3,PR,WH,20,23
2,2025-08-18,AUS,CC,M3,ST,BK,165,5
2,2025-08-18,AUS,CC,M3,ST,BL,49,5
2,2025-08-18,FRE,CC,M3,ST,BL,48,9
2,2025-08-18,SHA,CC,M3,ST,BL,61,23
2,2025-08-18,AUS,CC,M3,ST,GY,107,5
2,2025-08-18,FRE,CC,M3,ST,GY,41,9
2,2025-08-18,AUS,CC,M3,ST,WH,147,5
2,2025-08-18,AUS,CC,MY,PR,BK,74,5
2,2025-08-18,FRE,CC,MY,PR,BK,36,9
2,2025-08-18,SHA,CC,MY,PR,BK,60,23
2,2025-08-18,BER,CC,MY,PR,BK,57,25
2,2025-08-18,AUS,CC,MY,PR,BL,24,5
2,2025-08-18,FRE,CC,MY,PR,BL,11,9
2,2025-08-18,SHA,CC,MY,PR,BL,17,23
2,2025-08-18,BER,CC,MY,PR,BL,17,25
2,2025-08-18,AUS,CC,MY,PR,GY,33,5
2,2025-08-18,FRE,CC,MY,PR,GY,25,9
2,2025-08-18,SHA,CC,MY,PR,GY,45,23
2,2025-08-18,BER,CC,MY,PR,GY,46,25
2,2025-08-18,AUS,CC,MY,PR,WH,65,5
2,2025-08-18,FRE,CC,MY,PR,WH,35,9
2,2025-08-18,SHA,CC,MY,PR,WH,68,23
2,2025-08-18,BER,CC,MY,PR,WH,49,25
2,2025-08-18,AUS,CC,MY,ST,BK,134,5
2,2025-08-18,FRE,CC,MY,ST,BK,42,9
2,2025-08-18,AUS,CC,MY,ST,BL,40,5
2,2025-08-18,FRE,CC,MY,ST,BL,30,9
2,2025-08-18,SHA,CC,MY,ST,BL,30,23
2,2025-08-18,BER,CC,MY,ST,BL,34,25
2,2025-08-18,AUS,CC,MY,ST,GY,79,5
2,2025-08-18,FRE,CC,MY,ST,GY,57,9
2,2025-08-18,SHA,CC,MY,ST,GY,35,23
2,2025-08-18,AUS,CC,MY,ST,WH,112,5
2,2025-08-18,FRE,CC,MY,ST,WH,77,9
2,2025-08-18,SHA,EC,M3,PR,BK,43,24
2,2025-08-18,BER,EC,M3,PR,BK,89,26
2,2025-08-18,SHA,EC,M3,PR,WH,72,24
2,2025-08-18,BER,EC,M3,PR,WH,84,26
2,2025-08-18,AUS,EC,M3,ST,BK,18,10
2,2025-08-18,FRE,EC,M3,ST,BK,149,12
2,2025-08-18,SHA,EC,M3,ST,BK,18,24
2,2025-08-18,SHA,EC,M3,ST,BL,1,24
2,2025-08-18,BER,EC,M3,ST,BL,60,26
2,2025-08-18,FRE,EC,M3,ST,GY,37,12
2,2025-08-18,SHA,EC,M3,ST,GY,124,24
2,2025-08-18,BER,EC,M3,ST,GY,66,26
2,2025-08-18,AUS,EC,M3,ST,WH,46,10
2,2025-08-18,FRE,EC,M3,ST,WH,146,12
2,2025-08-18,SHA,EC,M3,ST,WH,69,24
2,2025-08-18,BER,EC,MY,PR,BK,4,26
2,2025-08-18,FRE,EC,MY,ST,BK,69,12
2,2025-08-18,SHA,EC,MY,ST,BK,128,24
2,2025-08-18,BER,EC,MY,ST,BK,90,26
2,2025-08-18,SHA,EC,MY,ST,GY,47,24
2,2025-08-18,BER,EC,MY,ST,GY,74,26
2,2025-08-18,FRE,EC,MY,ST,WH,22,12
2,2025-08-18,SHA,EC,MY,ST,WH,138,24
2,2025-08-18,BER,EC,MY,ST,WH,125,26
2,2025-08-18,SHA,WC,M3,ST,BK,110,22
2,2025-08-18,BER,WC,M3,ST,GY,17,24
2,2025-08-18,SHA,WC,M3,ST,WH,119,22
2,2025-08-18,BER,WC,M3,ST,WH,11,24
2,2025-08-18,BER,WC,MY,ST,BK,56,24
2,2025-08-25,AUS,CC,M3,PR,BK,67,5
2,2025-08-25,FRE,CC,M3,PR,BK,50,9
2,2025-08-25,SHA,CC,M3,PR,BK,8,23
2,2025-08-25,AUS,CC,M3,PR,BL,23,5
2,2025-08-25,FRE,CC,M3,PR,BL,16,9
2,2025-08-25,SHA,CC,M3,PR,BL,30,23
2,2025-08-25,BER,CC,M3,PR,BL,27,25
2,2025-08-25,AUS,CC,M3,PR,GY,45,5
2,2025-08-25,FRE,CC,M3,PR,GY,27,9
2,2025-08-25,SHA,CC,M3,PR,GY,42,23
2,2025-08-25,BER,CC,M3,PR,GY,36,25
2,2025-08-25,AUS,CC,M3,PR,WH,73,5
2,2025-08-25,FRE,CC,M3,PR,WH,54,9
2,2025-08-25,SHA,CC,M3,PR,WH,59,23
2,2025-08-25,AUS,CC,M3,ST,BK,165,5
2,2025-08-25,FRE,CC,M3,ST,BK,9,9
2,2025-08-25,AUS,CC,M3,ST,BL,49,5
2,2025-08-25,FRE,CC,M3,ST,BL,36,9
2,2025-08-25,SHA,CC,M3,ST,BL,56,23
2,2025-08-25,BER,CC,M3,ST,BL,18,25
2,2025-08-25,AUS,CC,M3,ST,GY,95,5
2,2025-08-25,FRE,CC,M3,ST,GY,72,9
2,2025-08-25,SHA,CC,M3,ST,GY,27,23
2,2025-08-25,AUS,CC,M3,ST,WH,169,5
2,2025-08-25,FRE,CC,M3,ST,WH,8,9
2,2025-08-25,AUS,CC,MY,PR,BK,67,5
2,2025-08-25,FRE,CC,MY,PR,BK,39,9
2,2025-08-25,SHA,CC,MY,PR,BK,38,23
2,2025-08-25,BER,CC,MY,PR,BK,53,25
2,2025-08-25,AUS,CC,MY,PR,BL,17,5
2,2025-08-25,FRE,CC,MY,PR,BL,14,9
2,2025-08-25,SHA,CC,MY,PR,BL,12,23
2,2025-08-25,BER,CC,MY,PR,BL,16,25
2,2025-08-25,AUS,CC,MY,PR,GY,29,5
2,2025-08-25,FRE,CC,MY,PR,GY,19,9
2,2025-08-25,SHA,CC,MY,PR,GY,30,23
2,2025-08-25,BER,CC,MY,PR,GY,27,25
2,2025-08-25,AUS,CC,MY,PR,WH,37,5
2,2025-08-25,FRE,CC,MY,PR,WH,40,9
2,2025-08-25,SHA,CC,MY,PR,WH,61,23
2,2025-08-25,BER,CC,MY,PR,WH,50,25
2,2025-08-25,AUS,CC,MY,ST,BK,105,5
2,2025-08-25,FRE,CC,MY,ST,BK,94,9
2,2025-08-25,SHA,CC,MY,ST,BK,2,23
2,2025-08-25,AUS,CC,MY,ST,BL,34,5
2,2025-08-25,FRE,CC,MY,ST,BL,24,9
2,2025-08-25,SHA,CC,MY,ST,BL,38,23
2,2025-08-25,BER,CC,MY,ST,BL,20,25
2,2025-08-25,AUS,CC,MY,ST,GY,69,5
2,2025-08-25,FRE,CC,MY,ST,GY,57,9
2,2025-08-25,SHA,CC,MY,ST,GY,31,23
2,2025-08-25,AUS,CC,MY,ST,WH,112,5
2,2025-08-25,FRE,CC,MY,ST,WH,75,9
2,2025-08-25,SHA,EC,M3,PR,BK,74,24
2,2025-08-25,BER,EC,M3,PR,BK,74,26
2,2025-08-25,SHA,EC,M3,PR,WH,12,24
2,2025-08-25,BER,EC,M3,PR,WH,65,26
2,2025-08-25,FRE,EC,M3,ST,BK,118,12
2,2025-08-25,SHA,EC,M3,ST,BK,110,24
2,2025-08-25,BER,EC,M3,ST,BL,23,26
2,2025-08-25,SHA,EC,M3,ST,GY,72,24
2,2025-08-25,BER,EC,M3,ST,GY,80,26
2,2025-08-25,FRE,EC,M3,ST,WH,113,12
2,2025-08-25,SHA,EC,M3,ST,WH,187,24
2,2025-08-25,BER,EC,M3,ST,WH,13,26
2,2025-08-25,SHA,EC,MY,ST,BK,133,24
2,2025-08-25,BER,EC,MY,ST,BK,104,26
2,2025-08-25,SHA,EC,MY,ST,GY,33,24
2,2025-08-25,BER,EC,MY,ST,GY,46,26
2,2025-08-25,FRE,EC,MY,ST,WH,19,12
2,2025-08-25,SHA,EC,MY,ST,WH,139,24
2,2025-08-25,BER,EC,MY,ST,WH,102,26
2,2025-08-25,SHA,WC,M3,ST,BK,91,22
2,2025-08-25,BER,WC,M3,ST,BK,42,24
2,2025-08-25,BER,WC,M3,ST,WH,136,24
2,2025-09-01,AUS,CC,M3,PR,BK,95,5
2,2025-09-01,FRE,CC,M3,PR,BK,63,9
2,2025-09-01,SHA,CC,M3,PR,BK,32,23
2,2025-09-01,AUS,CC,M3,PR,BL,30,5
2,2025-09-01,FRE,CC,M3,PR,BL,17,9
2,2025-09-01,SHA,CC,M3,PR,BL,25,23
2,2025-09-01,BER,CC,M3,PR,BL,21,25
2,2025-09-01,AUS,CC,M3,PR,GY,39,5
2,2025-09-01,FRE,CC,M3,PR,GY,35,9
2,2025-09-01,SHA,CC,M3,PR,GY,38,23
2,2025-09-01,BER,CC,M3,PR,GY,31,25
2,2025-09-01,AUS,CC,M3,PR,WH,79,5
2,2025-09-01,FRE,CC,M3,PR,WH,60,9
2,2025-09-01,SHA,CC,M3,PR,WH,67,23
2,2025-09-01,BER,CC,M3,PR,WH,22,25
2,2025-09-01,AUS,CC,M3,ST,BK,175,5
2,2025-09-01,AUS,CC,M3,ST,BL,78,5
2,2025-09-01,FRE,CC,M3,ST,BL,36,9
2,2025-09-01,SHA,CC,M3,ST,BL,47,23
2,2025-09-01,AUS,CC,M3,ST,GY,123,5
2,2025-09-01,FRE,CC,M3,ST,GY,20,9
2,2025-09-01,AUS,CC,M3,ST,WH,184,5
2,2025-09-01,AUS,CC,MY,PR,BK,72,5
2,2025-09-01,FRE,CC,MY,PR,BK,36,9
2,2025-09-01,SHA,CC,MY,PR,BK,25,23
2,2025-09-01,AUS,CC,MY,PR,BL,10,5
2,2025-09-01,FRE,CC,MY,PR,BL,11,9
2,2025-09-01,SHA,CC,MY,PR,BL,9,23
2,2025-09-01,BER,CC,MY,PR,BL,14,25
2,2025-09-01,AUS,CC,MY,PR,GY,33,5
2,2025-09-01,FRE,CC,MY,PR,GY,18,9
2,2025-09-01,SHA,CC,MY,PR,GY,29,23
2,2025-09-01,BER,CC,MY,PR,GY,36,25
2,2025-09-01,AUS,CC,MY,PR,WH,55,5
2,2025-09-01,FRE,CC,MY,PR,WH,43,9
2,2025-09-01,SHA,CC,MY,PR,WH,65,23
2,2025-09-01,BER,CC,MY,PR,WH,54,25
2,2025-09-01,AUS,CC,MY,ST,BK,113,5
2,2025-09-01,FRE,CC,MY,ST,BK,100,9
2,2025-09-01,SHA,CC,MY,ST,BK,67,23
2,2025-09-01,AUS,CC,MY,ST,BL,44,5
2,2025-09-01,FRE,CC,MY,ST,BL,21,9
2,2025-09-01,SHA,CC,MY,ST,BL,29,23
2,2025-09-01,BER,CC,MY,ST,BL,27,25
2,2025-09-01,AUS,CC,MY,ST,GY,88,5
2,2025-09-01,FRE,CC,MY,ST,GY,53,9
2,2025-09-01,AUS,CC,MY,ST,WH,130,5
2,2025-09-01,FRE,CC,MY,ST,WH,59,9
2,2025-09-01,SHA,EC,M3,PR,BK,38,24
2,2025-09-01,BER,EC,M3,PR,BK,77,26
2,2025-09-01,BER,EC,M3,PR,GY,15,26
2,2025-09-01,BER,EC,M3,PR,WH,47,26
2,2025-09-01,AUS,EC,M3,ST,BK,25,10
2,2025-09-01,FRE,EC,M3,ST,BK,147,12
2,2025-09-01,SHA,EC,M3,ST,BK,67,24
2,2025-09-01,SHA,EC,M3,ST,BL,1,24
2,2025-09-01,BER,EC,M3,ST,BL,48,26
2,2025-09-01,FRE,EC,M3,ST,GY,62,12
2,2025-09-01,SHA,EC,M3,ST,GY,105,24
2,2025-09-01,BER,EC,M3,ST,GY,77,26
2,2025-09-01,AUS,EC,M3,ST,WH,29,10
2,2025-09-01,FRE,EC,M3,ST,WH,158,12
2,2025-09-01,SHA,EC,M3,ST,WH,26,24
2,2025-09-01,SHA,EC,MY,PR,BK,14,24
2,2025-09-01,BER,EC,MY,PR,BK,42,26
2,2025-09-01,SHA,EC,MY,ST,BK,49,24
2,2025-09-01,BER,EC,MY,ST,BK,114,26
2,2025-09-01,FRE,EC,MY,ST,GY,8,12
2,2025-09-01,SHA,EC,MY,ST,GY,51,24
2,2025-09-01,BER,EC,MY,ST,GY,79,26
2,2025-09-01,FRE,EC,MY,ST,WH,29,12
2,2025-09-01,SHA,EC,MY,ST,WH,119,24
2,2025-09-01,BER,EC,MY,ST,WH,116,26
2,2025-09-01,SHA,WC,M3,ST,BK,112,22
2,2025-09-01,BER,WC,M3,ST,BK,12,24
2,2025-09-01,BER,WC,M3,ST,GY,16,24
2,2025-09-01,SHA,WC,M3,ST,WH,153,22
2,2025-09-08,AUS,CC,M3,PR,BK,82,5
2,2025-09-08,FRE,CC,M3,PR,BK,56,9
2,2025-09-08,SHA,CC,M3,PR,BK,78,23
2,2025-09-08,AUS,CC,M3,PR,BL,14,5
2,2025-09-08,FRE,CC,M3,PR,BL,16,9
2,2025-09-08,SHA,CC,M3,PR,BL,23,23
2,2025-09-08,BER,CC,M3,PR,BL,27,25
2,2025-09-08,AUS,CC,M3,PR,GY,45,5
2,2025-09-08,FRE,CC,M3,PR,GY,41,9
2,2025-09-08,SHA,CC,M3,PR,GY,33,23
2,2025-09-08,AUS,CC,M3,PR,WH,68,5
2,2025-09-08,FRE,CC,M3,PR,WH,60,9
2,2025-09-08,SHA,CC,M3,PR,WH,58,23
2,2025-09-08,AUS,CC,M3,ST,BK,159,5
2,2025-09-08,AUS,CC,M3,ST,BL,58,5
2,2025-09-08,FRE,CC,M3,ST,BL,34,9
2,2025-09-08,SHA,CC,M3,ST,BL,71,23
2,2025-09-08,BER,CC,M3,ST,BL,28,25
2,2025-09-08,AUS,CC,M3,ST,GY,104,5
2,2025-09-08,FRE,CC,M3,ST,GY,63,9
2,2025-09-08,AUS,CC,M3,ST,WH,187,5
2,2025-09-08,FRE,CC,M3,ST,WH,1,9
2,2025-09-08,AUS,CC,MY,PR,BK,60,5
2,2025-09-08,FRE,CC,MY,PR,BK,29,9
2,2025-09-08,SHA,CC,MY,PR,BK,68,23
2,2025-09-08,BER,CC,MY,PR,BK,55,25
2,2025-09-08,AUS,CC,MY,PR,BL,8,5
2,2025-09-08,FRE,CC,MY,PR,BL,6,9
2,2025-09-08,SHA,CC,MY,PR,BL,19,23
2,2025-09-08,BER,CC,MY,PR,BL,23,25
2,2025-09-08,AUS,CC,MY,PR,GY,26,5
2,2025-09-08,FRE,CC,MY,PR,GY,19,9
2,2025-09-08,SHA,CC,MY,PR,GY,38,23
2,2025-09-08,BER,CC,MY,PR,GY,42,25
2,2025-09-08,AUS,CC,MY,PR,WH,42,5
2,2025-09-08,FRE,CC,MY,PR,WH,39,9
2,2025-09-08,SHA,CC,MY,PR,WH,57,23
2,2025-09-08,BER,CC,MY,PR,WH,57,25
2,2025-09-08,AUS,CC,MY,ST,BK,117,5
2,2025-09-08,FRE,CC,MY,ST,BK,74,9
2,2025-09-08,SHA,CC,MY,ST,BK,28,23
2,2025-09-08,AUS,CC,MY,ST,BL,33,5
2,2025-09-08,FRE,CC,MY,ST,BL,24,9
2,2025-09-08,SHA,CC,MY,ST,BL,47,23
2,2025-09-08,BER,CC,MY,ST,BL,27,25
2,2025-09-08,AUS,CC,MY,ST,GY,76,5
2,2025-09-08,FRE,CC,MY,ST,GY,51,9
2,2025-09-08,SHA,CC,MY,ST,GY,60,23
2,2025-09-08,AUS,CC,MY,ST,WH,116,5
2,2025-09-08,FRE,CC,MY,ST,WH,35,9
2,2025-09-08,SHA,EC,M3,PR,BK,12,24
2,2025-09-08,BER,EC,M3,PR,BK,76,26
2,2025-09-08,SHA,EC,M3,PR,GY,29,24
2,2025-09-08,BER,EC,M3,PR,GY,41,26
2,2025-09-08,SHA,EC,M3,PR,WH,20,24
2,2025-09-08,BER,EC,M3,PR,WH,88,26
2,2025-09-08,AUS,EC,M3,ST,BK,1,10
2,2025-09-08,FRE,EC,M3,ST,BK,129,12
2,2025-09-08,SHA,EC,M3,ST,BK,105,24
2,2025-09-08,BER,EC,M3,ST,BL,23,26
2,2025-09-08,FRE,EC,M3,ST,GY,22,12
2,2025-09-08,SHA,EC,M3,ST,GY,122,24
2,2025-09-08,BER,EC,M3,ST,GY,71,26
2,2025-09-08,FRE,EC,M3,ST,WH,125,12
2,2025-09-08,SHA,EC,M3,ST,WH,155,24
2,2025-09-08,SHA,EC,MY,ST,BK,107,24
2,2025-09-08,BER,EC,MY,ST,BK,134,26
2,2025-09-08,SHA,EC,MY,ST,GY,23,24
2,2025-09-08,BER,EC,MY,ST,GY,80,26
2,2025-09-08,FRE,EC,MY,ST,WH,65,12
2,2025-09-08,SHA,EC,MY,ST,WH,129,24
2,2025-09-08,BER,EC,MY,ST,WH,106,26
2,2025-09-08,SHA,WC,M3,ST,BK,103,22
2,2025-09-08,BER,WC,M3,ST,BK,38,24
2,2025-09-08,BER,WC,M3,ST,GY,46,24
2,2025-09-08,SHA,WC,M3,ST,WH,58,22
2,2025-09-08,BER,WC,M3,ST,WH,72,24
2,2025-09-08,BER,WC,MY,ST,WH,24,24
2,2025-09-15,AUS,CC,M3,PR,BK,75,5
2,2025-09-15,FRE,CC,M3,PR,BK,82,9
2,2025-09-15,SHA,CC,M3,PR,BK,20,23
2,2025-09-15,AUS,CC,M3,PR,BL,23,5
2,2025-09-15,FRE,CC,M3,PR,BL,14,9
2,2025-09-15,SHA,CC,M3,PR,BL,21,23
2,2025-09-15,BER,CC,M3,PR,BL,19,25
2,2025-09-15,AUS,CC,M3,PR,GY,47,5
2,2025-09-15,FRE,CC,M3,PR,GY,45,9
2,2025-09-15,SHA,CC,M3,PR,GY,38,23
2,2025-09-15,BER,CC,M3,PR,GY,36,25
2,2025-09-15,AUS,CC,M3,PR,WH,59,5
2,2025-09-15,FRE,CC,M3,PR,WH,70,9
2,2025-09-15,SHA,CC,M3,PR,WH,62,23
2,2025-09-15,AUS,CC,M3,ST,BK,131,5
2,2025-09-15,AUS,CC,M3,ST,BL,48,5
2,2025-09-15,FRE,CC,M3,ST,BL,36,9
2,2025-09-15,SHA,CC,M3,ST,BL,53,23
2,2025-09-15,BER,CC,M3,ST,BL,43,25
2,2025-09-15,AUS,CC,M3,ST,GY,108,5
2,2025-09-15,FRE,CC,M3,ST,GY,27,9
2,2025-09-15,AUS,CC,M3,ST,WH,117,5
2,2025-09-15,AUS,CC,MY,PR,BK,51,5
2,2025-09-15,FRE,CC,MY,PR,BK,47,9
2,2025-09-15,SHA,CC,MY,PR,BK,56,23
2,2025-09-15,BER,CC,MY,PR,BK,64,25
2,2025-09-15,AUS,CC,MY,PR,BL,13,5
2,2025-09-15,FRE,CC,MY,PR,BL,8,9
2,2025-09-15,SHA,CC,MY,PR,BL,18,23
2,2025-09-15,BER,CC,MY,PR,BL,20,25
2,2025-09-15,AUS,CC,MY,PR,GY,25,5
2,2025-09-15,FRE,CC,MY,PR,GY,36,9
2,2025-09-15,SHA,CC,MY,PR,GY,32,23
2,2025-09-15,BER,CC,MY,PR,GY,30,25
2,2025-09-15,AUS,CC,MY,PR,WH,63,5
2,2025-09-15,FRE,CC,MY,PR,WH,35,9
2,2025-09-15,SHA,CC,MY,PR,WH,69,23
2,2025-09-15,BER,CC,MY,PR,WH,34,25
2,2025-09-15,AUS,CC,MY,ST,BK,106,5
2,2025-09-15,FRE,CC,MY,ST,BK,78,9
2,2025-09-15,SHA,CC,MY,ST,BK,40,23
2,2025-09-15,AUS,CC,MY,ST,BL,37,5
2,2025-09-15,FRE,CC,MY,ST,BL,28,9
2,2025-09-15,SHA,CC,MY,ST,BL,36,23
2,2025-09-15,BER,CC,MY,ST,BL,39,25
2,2025-09-15,AUS,CC,MY,ST,GY,71,5
2,2025-09-15,FRE,CC,MY,ST,GY,60,9
2,2025-09-15,SHA,CC,MY,ST,GY,50,23
2,2025-09-15,AUS,CC,MY,ST,WH,127,5
2,2025-09-15,FRE,CC,MY,ST,WH,6,9
2,2025-09-15,SHA,EC,M3,PR,BK,46,24
2,2025-09-15,BER,EC,M3,PR,BK,90,26
2,2025-09-15,SHA,EC,M3,PR,WH,36,24
2,2025-09-15,BER,EC,M3,PR,WH,87,26
2,2025-09-15,AUS,EC,M3,ST,BK,50,10
2,2025-09-15,FRE,EC,M3,ST,BK,155,12
2,2025-09-15,FRE,EC,M3,ST,GY,52,12
2,2025-09-15,SHA,EC,M3,ST,GY,103,24
2,2025-09-15,AUS,EC,M3,ST,WH,57,10
2,2025-09-15,FRE,EC,M3,ST,WH,135,12
2,2025-09-15,SHA,EC,M3,ST,WH,56,24
2,2025-09-15,BER,EC,MY,PR,WH,14,26
2,2025-09-15,SHA,EC,MY,ST,BK,89,24
2,2025-09-15,BER,EC,MY,ST,BK,116,26
2,2025-09-15,SHA,EC,MY,ST,GY,26,24
2,2025-09-15,BER,EC,MY,ST,GY,73,26
2,2025-09-15,FRE,EC,MY,ST,WH,84,12
2,2025-09-15,SHA,EC,MY,ST,WH,142,24
2,2025-09-15,BER,EC,MY,ST,WH,85,26
2,2025-09-15,FRE,WC,M3,ST,BK,1,4
2,2025-09-15,SHA,WC,M3,ST,BK,117,22
2,2025-09-15,SHA,WC,M3,ST,GY,6,22
2,2025-09-15,BER,WC,M3,ST,GY,86,24
2,2025-09-15,SHA,WC,M3,ST,WH,119,22
2,2025-09-15,BER,WC,MY,ST,WH,44,24
2,2025-09-22,AUS,CC,M3,PR,BK,62,5
2,2025-09-22,FRE,CC,M3,PR,BK,62,9
2,2025-09-22,SHA,CC,M3,PR,BK,22,23
2,2025-09-22,AUS,CC,M3,PR,BL,32,5
2,2025-09-22,FRE,CC,M3,PR,BL,14,9
2,2025-09-22,SHA,CC,M3,PR,BL,28,23
2,2025-09-22,BER,CC,M3,PR,BL,17,25
2,2025-09-22,AUS,CC,M3,PR,GY,48,5
2,2025-09-22,FRE,CC,M3,PR,GY,31,9
2,2025-09-22,SHA,CC,M3,PR,GY,46,23
2,2025-09-22,BER,CC,M3,PR,GY,43,25
2,2025-09-22,AUS,CC,M3,PR,WH,85,5
2,2025-09-22,FRE,CC,M3,PR,WH,50,9
2,2025-09-22,SHA,CC,M3,PR,WH,73,23
2,2025-09-22,BER,CC,M3,PR,WH,21,25
2,2025-09-22,AUS,CC,M3,ST,BK,138,5
2,2025-09-22,AUS,CC,M3,ST,BL,51,5
2,2025-09-22,FRE,CC,M3,ST,BL,42,9
2,2025-09-22,SHA,CC,M3,ST,BL,53,23
2,2025-09-22,AUS,CC,M3,ST,GY,113,5
2,2025-09-22,FRE,CC,M3,ST,GY,39,9
2,2025-09-22,AUS,CC,M3,ST,WH,152,5
2,2025-09-22,AUS,CC,MY,PR,BK,59,5
2,2025-09-22,FRE,CC,MY,PR,BK,44,9
2,2025-09-22,SHA,CC,MY,PR,BK,53,23
2,2025-09-22,BER,CC,MY,PR,BK,54,25
2,2025-09-22,AUS,CC,MY,PR,BL,24,5
2,2025-09-22,FRE,CC,MY,PR,BL,11,9
2,2025-09-22,SHA,CC,MY,PR,BL,16,23
2,2025-09-22,BER,CC,MY,PR,BL,14,25
2,2025-09-22,AUS,CC,MY,PR,GY,41,5
2,2025-09-22,FRE,CC,MY,PR,GY,26,9
2,2025-09-22,SHA,CC,MY,PR,GY,28,23
2,2025-09-22,BER,CC,MY,PR,GY,25,25
2,2025-09-22,AUS,CC,MY,PR,WH,68,5
2,2025-09-22,FRE,CC,MY,PR,WH,39,9
2,2025-09-22,SHA,CC,MY,PR,WH,47,23
2,2025-09-22,BER,CC,MY,PR,WH,41,25
2,2025-09-22,AUS,CC,MY,ST,BK,117,5
2,2025-09-22,FRE,CC,MY,ST,BK,103,9
2,2025-09-22,AUS,CC,MY,ST,BL,39,5
2,2025-09-22,FRE,CC,MY,ST,BL,28,9
2,2025-09-22,SHA,CC,MY,ST,BL,27,23
2,2025-09-22,BER,CC,MY,ST,BL,26,25
2,2025-09-22,AUS,CC,MY,ST,GY,56,5
2,2025-09-22,FRE,CC,MY,ST,GY,60,9
2,2025-09-22,SHA,CC,MY,ST,GY,61,23
2,2025-09-22,BER,CC,MY,ST,GY,28,25
2,2025-09-22,AUS,CC,MY,ST,WH,123,5
2,2025-09-22,FRE,CC,MY,ST,WH,88,9
2,2025-09-22,SHA,EC,M3,PR,BK,57,24
2,2025-09-22,BER,EC,M3,PR,BK,67,26
2,2025-09-22,BER,EC,M3,PR,WH,70,26
2,2025-09-22,AUS,EC,M3,ST,BK,62,10
2,2025-09-22,FRE,EC,M3,ST,BK,136,12
2,2025-09-22,SHA,EC,M3,ST,BK,25,24
2,2025-09-22,SHA,EC,M3,ST,BL,7,24
2,2025-09-22,BER,EC,M3,ST,BL,55,26
2,2025-09-22,FRE,EC,M3,ST,GY,52,12
2,2025-09-22,SHA,EC,M3,ST,GY,98,24
2,2025-09-22,BER,EC,M3,ST,GY,75,26
2,2025-09-22,AUS,EC,M3,ST,WH,53,10
2,2025-09-22,FRE,EC,M3,ST,WH,169,12
2,2025-09-22,SHA,EC,M3,ST,WH,74,24
2,2025-09-22,FRE,EC,MY,ST,BK,11,12
2,2025-09-22,SHA,EC,MY,ST,BK,126,24
2,2025-09-22,BER,EC,MY,ST,BK,92,26
2,2025-09-22,BER,EC,MY,ST,GY,39,26
2,2025-09-22,FRE,EC,MY,ST,WH,28,12
2,2025-09-22,SHA,EC,MY,ST,WH,124,24
2,2025-09-22,BER,EC,MY,ST,WH,123,26
2,2025-09-22,SHA,WC,M3,ST,BK,130,22
2,2025-09-22,BER,WC,M3,ST,GY,19,24
2,2025-09-22,SHA,WC,M3,ST,WH,102,22
2,2025-09-22,BER,WC,M3,ST,WH,62,24
2,2025-09-22,BER,WC,MY,ST,BK,42,24
2,2025-09-29,AUS,CC,M3,PR,BK,25,5
2,2025-09-29,FRE,CC,M3,PR,BK,22,9
2,2025-09-29,SHA,CC,M3,PR,BK,18,23
2,2025-09-29,BER,CC,M3,PR,BK,23,25
2,2025-09-29,AUS,CC,M3,PR,BL,5,5
2,2025-09-29,FRE,CC,M3,PR,BL,4,9
2,2025-09-29,SHA,CC,M3,PR,BL,8,23
2,2025-09-29,BER,CC,M3,PR,BL,10,25
2,2025-09-29,AUS,CC,M3,PR,GY,15,5
2,2025-09-29,FRE,CC,M3,PR,GY,8,9
2,2025-09-29,SHA,CC,M3,PR,GY,10,23
2,2025-09-29,BER,CC,M3,PR,GY,18,25
2,2025-09-29,AUS,CC,M3,PR,WH,31,5
2,2025-09-29,FRE,CC,M3,PR,WH,21,9
2,2025-09-29,SHA,CC,M3,PR,WH,34,23
2,2025-09-29,BER,CC,M3,PR,WH,34,25
2,2025-09-29,AUS,CC,M3,ST,BK,49,5
2,2025-09-29,FRE,CC,M3,ST,BK,52,9
2,2025-09-29,SHA,CC,M3,ST,BK,31,23
2,2025-09-29,AUS,CC,M3,ST,BL,12,5
2,2025-09-29,FRE,CC,M3,ST,BL,17,9
2,2025-09-29,SHA,CC,M3,ST,BL,15,23
2,2025-09-29,BER,CC,M3,ST,BL,12,25
2,2025-09-29,AUS,CC,M3,ST,GY,36,5
2,2025-09-29,FRE,CC,M3,ST,GY,23,9
2,2025-09-29,SHA,CC,M3,ST,GY,30,23
2,2025-09-29,BER,CC,M3,ST,GY,41,25
2,2025-09-29,AUS,CC,M3,ST,WH,67,5
2,2025-09-29,FRE,CC,M3,ST,WH,40,9
2,2025-09-29,SHA,CC,M3,ST,WH,70,23
2,2025-09-29,BER,CC,M3,ST,WH,32,25
2,2025-09-29,AUS,CC,MY,PR,BK,13,5
2,2025-09-29,FRE,CC,MY,PR,BK,7,9
2,2025-09-29,SHA,CC,MY,PR,BK,11,23
2,2025-09-29,BER,CC,MY,PR,BK,27,25
2,2025-09-29,AUS,CC,MY,PR,BL,5,5
2,2025-09-29,FRE,CC,MY,PR,BL,2,9
2,2025-09-29,SHA,CC,MY,PR,BL,4,23
2,2025-09-29,BER,CC,MY,PR,BL,4,25
2,2025-09-29,AUS,CC,MY,PR,GY,7,5
2,2025-09-29,FRE,CC,MY,PR,GY,5,9
2,2025-09-29,SHA,CC,MY,PR,GY,8,23
2,2025-09-29,BER,CC,MY,PR,GY,7,25
2,2025-09-29,AUS,CC,MY,PR,WH,22,5
2,2025-09-29,FRE,CC,MY,PR,WH,9,9
2,2025-09-29,SHA,CC,MY,PR,WH,17,23
2,2025-09-29,BER,CC,MY,PR,WH,13,25
2,2025-09-29,AUS,CC,MY,ST,BK,44,5
2,2025-09-29,FRE,CC,MY,ST,BK,32,9
2,2025-09-29,SHA,CC,MY,ST,BK,34,23
2,2025-09-29,BER,CC,MY,ST,BK,36,25
2,2025-09-29,AUS,CC,MY,ST,BL,10,5
2,2025-09-29,FRE,CC,MY,ST,BL,12,9
2,2025-09-29,SHA,CC,MY,ST,BL,11,23
2,2025-09-29,BER,CC,MY,ST,BL,12,25
2,2025-09-29,AUS,CC,MY,ST,GY,22,5
2,2025-09-29,FRE,CC,MY,ST,GY,20,9
2,2025-09-29,SHA,CC,MY,ST,GY,23,23
2,2025-09-29,BER,CC,MY,ST,GY,15,25
2,2025-09-29,AUS,CC,MY,ST,WH,26,5
2,2025-09-29,FRE,CC,MY,ST,WH,32,9
2,2025-09-29,SHA,CC,MY,ST,WH,26,23
2,2025-09-29,BER,CC,MY,ST,WH,39,25
2,2025-09-29,SHA,EC,M3,ST,BK,24,24
2,2025-09-29,BER,EC,M3,ST,BK,56,26
2,2025-09-29,BER,EC,M3,ST,WH,23,26
